{
   "sOriginalPrefabName" : "StormWolf",
   "sNewPrefabName" : "StormWolf",
   "Category_Appearance" : {
      "vScale" : {
         "fX" : 1.2,
         "fY" : 1.2,
         "fZ" : 1.2
      },
      "cTintColor" : null,
      "cTintItems" : null,
      "cBodySmoke" : null,
      "cBodyFlames" : null
   },
   "Category_Character" : {
      "sName" : "Storm Wolf",
      "sFaction" : "MountainMonsters",
      "bBoss" : false,
      "sBossEvent" : "",
      "sDefeatSetGlobalKey" : "",
      "fMoveSpeedMulti" : 1,
      "bToleratesWater" : true,
      "bToleratesFire" : false,
      "bToleratesSmoke" : false,
      "fHealth" : 160,
      "dDamageTaken" : {
         "m_blunt" : "Normal",
         "m_slash" : "Normal",
         "m_pierce" : "Normal",
         "m_chop" : "Ignore",
         "m_pickaxe" : "Ignore",
         "m_fire" : "Normal",
         "m_frost" : "Normal",
         "m_lightning" : "VeryResistant",
         "m_poison" : "Normal",
         "m_spirit" : "Immune"
      }
   },
   "Category_Humanoid" : {
      "dtAttackDamageOverride" : null,
      "fAttackDamageTotalOverride" : null,
      "sAttackProjectileOverride" : null,
      "aDefaultItems" : [
         "@1",
         "@2",
         "@3"
      ],
      "aRandomWeapon" : [
         
      ],
      "aRandomArmor" : [
         
      ],
      "aRandomShield" : [
         
      ],
      "aaRandomSets" : [
         
      ],
      "aDeathEffects" : [
         "vfx_wolf_death",
         "StormWolf_ragdoll",
         "sfx_wolf_death"
      ],
      "aAdvancedCustomAttacks" : [
         {
            "sOriginalPrefabName" : "Wolf_Attack1",
            "sTargetAnim" : "attack1",
            "fAIAttackInterval" : 4,
            "bAIPrioritized" : true,
            "dtAttackDamageOverride" : {
               "fDamage" : 0,
               "fBlunt" : 0,
               "fSlash" : 100,
               "fPierce" : 0,
               "fChop" : 0,
               "fPickaxe" : 0,
               "fFire" : 0,
               "fFrost" : 0,
               "fLightning" : 0,
               "fPoison" : 0,
               "fSpirit" : 0
            },
            "fAttackDamageTotalOverride" : null,
            "sAttackProjectileOverride" : null,
            "aStartEffects" : null,
            "aHitEffects" : [
               "vfx_BloodHit"
            ],
            "aTriggerEffects" : null
         },
         {
            "sOriginalPrefabName" : "Wolf_Attack2",
            "sTargetAnim" : "attack2",
            "fAIAttackInterval" : 4,
            "bAIPrioritized" : null,
            "dtAttackDamageOverride" : {
               "fDamage" : 0,
               "fBlunt" : 0,
               "fSlash" : 100,
               "fPierce" : 0,
               "fChop" : 0,
               "fPickaxe" : 0,
               "fFire" : 0,
               "fFrost" : 0,
               "fLightning" : 0,
               "fPoison" : 0,
               "fSpirit" : 0
            },
            "fAttackDamageTotalOverride" : null,
            "sAttackProjectileOverride" : null,
            "aStartEffects" : null,
            "aHitEffects" : [
               "vfx_BloodHit"
            ],
            "aTriggerEffects" : null
         },
         {
            "sOriginalPrefabName" : "Eikthyr_charge",
            "sTargetAnim" : "attack3",
            "fAIAttackInterval" : 25,
            "bAIPrioritized" : null,
            "dtAttackDamageOverride" : {
               "fDamage" : 0,
               "fBlunt" : 0,
               "fSlash" : 0,
               "fPierce" : 0,
               "fChop" : 0,
               "fPickaxe" : 0,
               "fFire" : 0,
               "fFrost" : 0,
               "fLightning" : 80,
               "fPoison" : 0,
               "fSpirit" : 0
            },
            "fAttackDamageTotalOverride" : null,
            "sAttackProjectileOverride" : null,
            "aStartEffects" : null,
            "aHitEffects" : null,
            "aTriggerEffects" : null
         }
      ]
   },
   "Category_BaseAI" : {
      "fViewRange" : 30,
      "fViewAngle" : 90,
      "fHearRange" : 9999,
      "aAlertedEffects" : [
         "sfx_wolf_alerted"
      ],
      "sPathAgentType" : "HumanoidBig",
      "fRandomCircleInterval" : 2,
      "fRandomMoveInterval" : 30,
      "fRandomMoveRange" : 10,
      "bAvoidFire" : false,
      "bAfraidOfFire" : false,
      "bAvoidWater" : true,
      "sSpawnMessage" : "",
      "sDeathMessage" : ""
   },
   "Category_MonsterAI" : {
      "fAlertRange" : 20,
      "bFleeIfHurtWhenTargetCantBeReached" : true,
      "bFleeIfNotAlerted" : false,
      "fFleeIfLowHealth" : 0,
      "bCirculateWhileCharging" : true,
      "bCirculateWhileChargingFlying" : false,
      "bEnableHuntPlayer" : false,
      "bAttackPlayerObjects" : true,
      "bAttackPlayerObjectsWhenAlerted" : true,
      "fInterceptTimeMax" : 2,
      "fInterceptTimeMin" : 0,
      "fMaxChaseDistance" : 0,
      "fMinAttackInterval" : 0,
      "fCircleTargetInterval" : 0,
      "fCircleTargetDuration" : 5,
      "fCircleTargetDistance" : 10,
      "aConsumeItems" : [
         
      ],
      "fConsumeRange" : 1.4,
      "fConsumeSearchRange" : 10,
      "fConsumeSearchInterval" : 10,
      "fConsumeHeal" : 20
   },
   "Category_CharacterDrop" : {
      "bReplaceOriginalDrops" : true,
      "drDrops" : [
         {
            "sPrefabName" : "StormWolfTrophy",
            "iAmountMin" : 1,
            "iAmountMax" : 1,
            "fChance" : 0.1,
            "bOnePerPlayer" : false,
            "bLevelMultiplier" : false
         },
         {
            "sPrefabName" : "Thunderstone",
            "iAmountMin" : 1,
            "iAmountMax" : 1,
            "fChance" : 0.4,
            "bOnePerPlayer" : false,
            "bLevelMultiplier" : true
         },
         {
            "sPrefabName" : "StormWolfPelt",
            "iAmountMin" : 1,
            "iAmountMax" : 2,
            "fChance" : 1,
            "bOnePerPlayer" : false,
            "bLevelMultiplier" : true
         }
      ]
   },
   "Category_Special" : {
      "bCanTame" : false,
      "bAlwaysTame" : false,
      "bCommandableWhenTame" : false,
      "bCanProcreateWhenTame" : false,
      "bFxNoTame" : false,
      "bSfxNoAlert" : false,
      "bSfxNoIdle" : false,
      "bSfxNoHit" : false,
      "bSfxNoDeath" : false
   },
   "Category_NpcOnly" : null,
   "sConfigFormatVersion" : "0.2.0"
}