{
   "sOriginalPrefabName":"StormFenring",
   "sNewPrefabName":"StormFenring",
   "Category_Appearance":{
      "vScale":{
         "fX":1.3,
         "fY":1.3,
         "fZ":1.3
      },
      "cTintColor":null,
      "cTintItems":null,
      "cBodySmoke":{
         "fRed":0.1,
         "fGreen":0.1,
         "fBlue":0.1
      },
      "cBodyFlames":null
   },
   "Category_Character":{
      "sName":"Storm Fenring",
      "sFaction":"Boss",
      "bBoss":true,
      "sBossEvent":"StormFenringEncounter",
      "sDefeatSetGlobalKey":"defeated_stormfenring",
      "fMoveSpeedMulti":1.2,
      "bToleratesWater":true,
      "bToleratesFire":false,
      "bToleratesSmoke":false,
      "fHealth":1600,
      "dDamageTaken":{
         "m_blunt":"Normal",
         "m_slash":"Normal",
         "m_pierce":"Normal",
         "m_chop":"Ignore",
         "m_pickaxe":"Ignore",
         "m_fire":"Weak",
         "m_frost":"Resistant",
         "m_lightning":"VeryResistant",
         "m_poison":"Resistant",
         "m_spirit":"Normal"
      }
   },
   "Category_Humanoid":{
      "dtAttackDamageOverride":null,
      "fAttackDamageTotalOverride":null,
      "sAttackProjectileOverride":null,
      "aDefaultItems":[
         "@1",
         "@2",
         "@3",
         "@4"
      ],
      "aRandomWeapon":[
         
      ],
      "aRandomArmor":[
         
      ],
      "aRandomShield":[
         
      ],
      "aaRandomSets":[
         
      ],
      "aDeathEffects" : [
         "vfx_fenring_death",
         "StormFenring_ragdoll",
         "sfx_fenring_death"
      ],
      "aAdvancedCustomAttacks":[
         {
            "sOriginalPrefabName":"Fenring_attack_claw",
            "sTargetAnim":"attack_claw",
            "fAIAttackInterval":3,
            "bAIPrioritized":true,
            "dtAttackDamageOverride":{
               "fDamage":0,
               "fBlunt":100,
               "fSlash":0,
               "fPierce":0,
               "fChop":0,
               "fPickaxe":0,
               "fFire":0,
               "fFrost":0,
               "fLightning":20,
               "fPoison":0,
               "fSpirit":0
            },
            "fAttackDamageTotalOverride":null,
            "sAttackProjectileOverride":null,
            "aStartEffects":[
               "sfx_fenring_claw_start"
            ],
            "aHitEffects":[
               "vfx_BloodHit",
               "sfx_fenring_claw_hit"
            ],
            "aTriggerEffects":null
         },
         {
            "sOriginalPrefabName":"Fenring_attack_claw",
            "sTargetAnim":"attack_claw",
            "fAIAttackInterval":12,
            "bAIPrioritized":null,
            "dtAttackDamageOverride":{
               "fDamage":0,
               "fBlunt":0,
               "fSlash":100,
               "fPierce":0,
               "fChop":0,
               "fPickaxe":0,
               "fFire":0,
               "fFrost":0,
               "fLightning":60,
               "fPoison":0,
               "fSpirit":0
            },
            "fAttackDamageTotalOverride":null,
            "sAttackProjectileOverride":null,
            "aStartEffects":[
               "sfx_fenring_claw_start"
            ],
            "aHitEffects":[
               "fx_eikthyr_stomp"
            ],
            "aTriggerEffects":null
         },
         {
            "sOriginalPrefabName":"troll_groundslam",
            "sTargetAnim":"attack_jump",
            "fAIAttackInterval":18,
            "bAIPrioritized":null,
            "dtAttackDamageOverride":{
               "fDamage":0,
               "fBlunt":60,
               "fSlash":0,
               "fPierce":0,
               "fChop":0,
               "fPickaxe":0,
               "fFire":0,
               "fFrost":0,
               "fLightning":100,
               "fPoison":0,
               "fSpirit":0
            },
            "fAttackDamageTotalOverride":null,
            "sAttackProjectileOverride":null,
            "aStartEffects":[
               "sfx_fenring_jump_trailstart"
            ],
            "aHitEffects":[
               "fx_eikthyr_stomp",
               "sfx_fenring_jump_trigger"
            ],
            "aTriggerEffects":null
         },
         {
            "sOriginalPrefabName":"Eikthyr_charge",
            "sTargetAnim":"attack_taunt",
            "fAIAttackInterval":25,
            "bAIPrioritized":null,
            "dtAttackDamageOverride":{
               "fDamage":0,
               "fBlunt":0,
               "fSlash":0,
               "fPierce":0,
               "fChop":0,
               "fPickaxe":0,
               "fFire":0,
               "fFrost":0,
               "fLightning":100,
               "fPoison":0,
               "fSpirit":0
            },
            "fAttackDamageTotalOverride":null,
            "sAttackProjectileOverride":null,
            "aStartEffects":[
               "fx_eikthyr_stomp",
               "sfx_fenring_howl"
            ],
            "aHitEffects":null,
            "aTriggerEffects":null
         }
      ]
   },
   "Category_BaseAI":{
      "fViewRange":30,
      "fViewAngle":90,
      "fHearRange":9999,
      "sPathAgentType":"HorseSize",
      "fRandomCircleInterval":2,
      "fRandomMoveInterval":10,
      "fRandomMoveRange":10,
      "bAvoidFire":false,
      "bAfraidOfFire":false,
      "bAvoidWater":true,
      "sSpawnMessage":"",
      "sDeathMessage":""
   },
   "Category_MonsterAI":{
      "fAlertRange":20,
      "bFleeIfHurtWhenTargetCantBeReached":true,
      "bFleeIfNotAlerted":false,
      "fFleeIfLowHealth":0.1,
      "bCirculateWhileCharging":true,
      "bCirculateWhileChargingFlying":false,
      "bEnableHuntPlayer":false,
      "bAttackPlayerObjects":true,
      "bAttackPlayerObjectsWhenAlerted":true,
      "fInterceptTimeMax":0,
      "fInterceptTimeMin":0,
      "fMaxChaseDistance":0,
      "fMinAttackInterval":0,
      "fCircleTargetInterval":0,
      "fCircleTargetDuration":5,
      "fCircleTargetDistance":10,
      "aConsumeItems":[
         
      ],
      "fConsumeRange":2,
      "fConsumeSearchRange":5,
      "fConsumeSearchInterval":10,
      "fConsumeHeal":0
   },
   "Category_CharacterDrop":{
      "bReplaceOriginalDrops":true,
      "drDrops":[
         {
            "sPrefabName":"Thunderstone",
            "iAmountMin":1,
            "iAmountMax":2,
            "fChance":1,
            "bOnePerPlayer":false,
            "bLevelMultiplier":true
         },
         {
            "sPrefabName":"StormFenringTrophy",
            "iAmountMin":1,
            "iAmountMax":1,
            "fChance":0.1,
            "bOnePerPlayer":false,
            "bLevelMultiplier":false
         }
      ]
   },
   "Category_Special":{
      "bCanTame":false,
      "bAlwaysTame":false,
      "bCommandableWhenTame":false,
      "bCanProcreateWhenTame":false,
      "bFxNoTame":false,
      "bSfxNoAlert":false,
      "bSfxNoIdle":false,
      "bSfxNoHit":false,
      "bSfxNoDeath":false
   },
   "Category_NpcOnly":null,
   "sConfigFormatVersion":"0.2.0"
}