{
   "sOriginalPrefabName" : "FireGolem",
   "sNewPrefabName" : "FireGolem",
   "Category_Appearance" : {
      "vScale" : {
         "fX" : 1,
         "fY" : 1,
         "fZ" : 1
      },
      "cTintColor" : null,
      "cTintItems" : null,
      "cBodySmoke" : null,
      "cBodyFlames" : null,
      "sCustomTexture" : null
   },
   "Category_Character" : {
      "sName" : "Sentinel",
      "sFaction" : "Demon",
      "bBoss" : false,
      "sBossEvent" : "",
      "sDefeatSetGlobalKey" : "",
      "fMoveSpeedMulti" : 1,
      "bToleratesWater" : false,
      "bToleratesFire" : true,
      "bToleratesSmoke" : true,
      "fHealth" : 800,
      "dDamageTaken" : {
         "m_blunt" : "Normal",
         "m_slash" : "Resistant",
         "m_pierce" : "Resistant",
         "m_chop" : "Ignore",
         "m_pickaxe" : "VeryWeak",
         "m_fire" : "Immune",
         "m_frost" : "Weak",
         "m_lightning" : "Normal",
         "m_poison" : "Immune",
         "m_spirit" : "Immune"
      }
   },
   "Category_Humanoid" : {
      "dtAttackDamageOverride" : null,
      "fAttackDamageTotalOverride" : null,
      "sAttackProjectileOverride" : null,
      "aDefaultItems" : [
         "firegolem_groundslam",
         "firegolem_melee1",
         "firegolem_fireball",
         "firegolem_kick1"
      ],
      "aRandomWeapon" : [
         
      ],
      "aRandomArmor" : [
         
      ],
      "aRandomShield" : [
         
      ],
      "aaRandomSets" : [
         
      ],
      "aHitEffects" : [
         "vfx_stonegolem_hurt",
         "sfx_stonegolem_hurt"
      ],
      "aDeathEffects" : [
         "sfx_firegolem_death",
         "vfx_ImpDeath"
      ],
      "aConsumeItemEffects" : [
         
      ],
      "aAdvancedCustomAttacks" : null
   },
   "Category_BaseAI" : {
      "fViewRange" : 30,
      "fViewAngle" : 90,
      "fHearRange" : 9999,
      "aAlertedEffects" : [
         "sfx_stonegolem_alerted"
      ],
      "aIdleEffects" : [
         "sfx_firegolem_idle"
      ],
      "fIdleEffectsInterval" : 5,
      "fIdleEffectsChance" : 0.5,
      "sPathAgentType" : "HumanoidAvoidWater",
      "fRandomCircleInterval" : 2,
      "fRandomMoveInterval" : 20,
      "fRandomMoveRange" : 10,
      "bRandomFly" : false,
      "fChanceToTakeoff" : 1,
      "fChanceToLand" : 1,
      "fGroundDuration" : 10,
      "fAirDuration" : 10,
      "fMaxLandAltitude" : 5,
      "fFlyAltitudeMin" : 3,
      "fFlyAltitudeMax" : 10,
      "fTakeoffTime" : 5,
      "bAvoidFire" : false,
      "bAfraidOfFire" : false,
      "bAvoidWater" : true,
      "sSpawnMessage" : "",
      "sDeathMessage" : ""
   },
   "Category_MonsterAI" : {
      "fAlertRange" : 20,
      "bFleeIfHurtWhenTargetCantBeReached" : true,
      "bFleeIfNotAlerted" : false,
      "fFleeIfLowHealth" : 0,
      "bCirculateWhileCharging" : false,
      "bCirculateWhileChargingFlying" : false,
      "bEnableHuntPlayer" : false,
      "bAttackPlayerObjects" : true,
      "bAttackPlayerObjectsWhenAlerted" : null,
      "fInterceptTimeMax" : 2,
      "fInterceptTimeMin" : 0,
      "fMaxChaseDistance" : 0,
      "fMinAttackInterval" : 0,
      "fCircleTargetInterval" : 0,
      "fCircleTargetDuration" : 2,
      "fCircleTargetDistance" : 4,
      "bSleeping" : false,
      "bNoiseWakeup" : false,
      "fNoiseRangeScale" : 1,
      "fWakeupRange" : 5,
      "aWakeupEffects" : [
         
      ],
      "bAvoidLand" : false,
      "aConsumeItems" : [
         
      ],
      "fConsumeRange" : 2,
      "fConsumeSearchRange" : 5,
      "fConsumeSearchInterval" : 10,
      "fConsumeHeal" : 0
   },
   "Category_CharacterDrop" : {
      "bReplaceOriginalDrops" : true,
      "drDrops" : [
         {
            "sPrefabName" : "Stone",
            "iAmountMin" : 3,
            "iAmountMax" : 5,
            "fChance" : 1,
            "bOnePerPlayer" : false,
            "bLevelMultiplier" : true
         },
         {
            "sPrefabName" : "SurtlingCore",
            "iAmountMin" : 2,
            "iAmountMax" : 4,
            "fChance" : 1,
            "bOnePerPlayer" : false,
            "bLevelMultiplier" : true
         }
      ]
   },
   "Category_Special" : {
      "bCanTame" : false,
      "bAlwaysTame" : false,
      "bCommandableWhenTame" : false,
      "bCanProcreateWhenTame" : false,
      "bFxNoTame" : false,
      "bSfxNoAlert" : false,
      "bSfxNoIdle" : false,
      "bSfxNoHit" : false,
      "bSfxNoDeath" : false
   },
   "Category_NpcOnly" : null,
   "sConfigFormatVersion" : "0.2.0"
}