{
   "sOriginalPrefabName":"AshHatchling",
   "sNewPrefabName":"AshHatchling",
   "Category_Appearance":{
      "vScale":{
         "fX":2.5,
         "fY":2.5,
         "fZ":2.5
      },
      "cTintColor":null,
      "cTintItems":null,
      "cBodySmoke":{
         "fRed":0.01,
         "fGreen":0.01,
         "fBlue":0.01
      },
      "cBodyFlames":{
         "fRed":0.007,
         "fGreen":0.0,
         "fBlue":0.07
      }
   },
   "Category_Character":{
      "sName":"Fire-breathing Drake",
      "sFaction":"MountainMonsters",
      "bBoss":false,
      "sBossEvent":"",
      "sDefeatSetGlobalKey":"",
      "fMoveSpeedMulti":1,
      "bToleratesWater":true,
      "bToleratesFire":false,
      "bToleratesSmoke":false,
      "fHealth":750,
      "dDamageTaken":{
         "m_blunt":"Normal",
         "m_slash":"Normal",
         "m_pierce":"Normal",
         "m_chop":"Ignore",
         "m_pickaxe":"Ignore",
         "m_fire":"VeryResistant",
         "m_frost":"Weak",
         "m_lightning":"Normal",
         "m_poison":"Normal",
         "m_spirit":"Immune"
      }
   },
   "Category_Humanoid":{
      "dtAttackDamageOverride":null,
      "fAttackDamageTotalOverride":null,
      "sAttackProjectileOverride":null,
      "aDefaultItems":[
         "@1",
         "@2",
         "@3"
      ],
      "aRandomWeapon":[
         
      ],
      "aRandomArmor":[
         
      ],
      "aRandomShield":[
         
      ],
      "aaRandomSets":[
         
      ],
      "aAdvancedCustomAttacks":[
         {
            "sOriginalPrefabName":"troll_throw",
            "sTargetAnim":"attack",
            "fAIAttackInterval":3,
            "bAIPrioritized":true,
            "dtAttackDamageOverride":{
               "fDamage":0,
               "fBlunt":80,
               "fSlash":0,
               "fPierce":0,
               "fChop":110,
               "fPickaxe":110,
               "fFire":100,
               "fFrost":0,
               "fLightning":0,
               "fPoison":0,
               "fSpirit":0
            },
            "fAttackDamageTotalOverride":null,
            "sAttackProjectileOverride":"GoblinShaman_projectile_fireball",
            "aStartEffects":[
               "sfx_dragon_alerted"
            ],
            "aHitEffects":null,
            "aTriggerEffects":[
               "fx_shaman_fireball_expl"
            ]
         },
         {
            "sOriginalPrefabName":"GoblinKing_Nova",
            "sTargetAnim":"attack",
            "fAIAttackInterval":28,
            "bAIPrioritized":null,
            "dtAttackDamageOverride":{
               "fDamage":0,
               "fBlunt":0,
               "fSlash":0,
               "fPierce":0,
               "fChop":0,
               "fPickaxe":0,
               "fFire":80,
               "fFrost":0,
               "fLightning":0,
               "fPoison":0,
               "fSpirit":0
            },
            "fAttackDamageTotalOverride":null,
            "sAttackProjectileOverride":null,
            "aStartEffects":null,
            "aHitEffects":null,
            "aTriggerEffects":null
         },
         {
            "sOriginalPrefabName":"dragon_spit_shotgun",
            "sTargetAnim":"attack",
            "fAIAttackInterval":14,
            "bAIPrioritized":null,
            "dtAttackDamageOverride":{
               "fDamage":0,
               "fBlunt":80,
               "fSlash":0,
               "fPierce":0,
               "fChop":110,
               "fPickaxe":110,
               "fFire":100,
               "fFrost":0,
               "fLightning":0,
               "fPoison":0,
               "fSpirit":0
            },
            "fAttackDamageTotalOverride":null,
            "sAttackProjectileOverride":"GoblinShaman_projectile_fireball",
            "aStartEffects":[
               "fx_goblinking_meteor_hit",
               "sfx_dragon_alerted"
            ],
            "aHitEffects":null,
            "aTriggerEffects":[
               "fx_shaman_fireball_expl"
            ]
         }
      ]
   },
   "Category_BaseAI":{
      "fViewRange":40,
      "fViewAngle":90,
      "fHearRange":9999,
      "sPathAgentType":"HugeSize",
      "fRandomCircleInterval":5,
      "fRandomMoveInterval":20,
      "fRandomMoveRange":20,
      "bAvoidFire":false,
      "bAfraidOfFire":false,
      "bAvoidWater":true,
      "sSpawnMessage":"",
      "sDeathMessage":""
   },
   "Category_MonsterAI":{
      "fAlertRange":30,
      "bFleeIfHurtWhenTargetCantBeReached":true,
      "bFleeIfNotAlerted":false,
      "fFleeIfLowHealth":0,
      "bCirculateWhileCharging":true,
      "bCirculateWhileChargingFlying":true,
      "bEnableHuntPlayer":false,
      "bAttackPlayerObjects":true,
      "bAttackPlayerObjectsWhenAlerted":true,
      "fInterceptTimeMax":0,
      "fInterceptTimeMin":0,
      "fMaxChaseDistance":250,
      "fMinAttackInterval":0,
      "fCircleTargetInterval":0,
      "fCircleTargetDuration":5,
      "fCircleTargetDistance":10,
      "aConsumeItems":[
         
      ],
      "fConsumeRange":2,
      "fConsumeSearchRange":5,
      "fConsumeSearchInterval":10,
      "fConsumeHeal":0
   },
   "Category_CharacterDrop":{
      "bReplaceOriginalDrops":true,
      "drDrops":[
         {
            "sPrefabName":"Coal",
            "iAmountMin":3,
            "iAmountMax":5,
            "fChance":1,
            "bOnePerPlayer":false,
            "bLevelMultiplier":true
         },
         {
            "sPrefabName":"FlametalOre",
            "iAmountMin":1,
            "iAmountMax":3,
            "fChance":1,
            "bOnePerPlayer":false,
            "bLevelMultiplier":true
         },
         {
            "sPrefabName" : "AshHatchlingTrophy",
            "iAmountMin" : 1,
            "iAmountMax" : 1,
            "fChance" : 0.05,
            "bOnePerPlayer" : false,
            "bLevelMultiplier" : false
         }
      ]
   },
   "Category_Special":{
      "bCanTame":false,
      "bAlwaysTame":false,
      "bCommandableWhenTame":false,
      "bCanProcreateWhenTame":false,
      "bFxNoTame":false,
      "bSfxNoAlert":false,
      "bSfxNoIdle":false,
      "bSfxNoHit":false,
      "bSfxNoDeath":false
   },
   "Category_NpcOnly":null,
   "sConfigFormatVersion":"0.2.0"
}