{
   "sOriginalPrefabName":"AshNeck",
   "sNewPrefabName":"AshNeck",
   "Category_Appearance":{
      "vScale":{
         "fX":4,
         "fY":4,
         "fZ":4
      },
      "cTintColor":null,
      "cTintItems":null,
      "cBodySmoke":null,
      "cBodyFlames":{
         "fRed":0.05,
         "fGreen":0.05,
         "fBlue":0.05
      }
   },
   "Category_Character":{
      "sName":"Ash-eater Neck",
      "sFaction":"MountainMonsters",
      "bBoss":false,
      "sBossEvent":"",
      "sDefeatSetGlobalKey":"",
      "fMoveSpeedMulti":1,
      "bToleratesWater":true,
      "bToleratesFire":false,
      "bToleratesSmoke":true,
      "fHealth":850,
      "dDamageTaken":{
         "m_blunt":"Normal",
         "m_slash":"Normal",
         "m_pierce":"Normal",
         "m_chop":"Ignore",
         "m_pickaxe":"Ignore",
         "m_fire":"VeryResistant",
         "m_frost":"Normal",
         "m_lightning":"Normal",
         "m_poison":"Resistant",
         "m_spirit":"Immune"
      }
   },
   "Category_Humanoid":{
      "dtAttackDamageOverride":null,
      "fAttackDamageTotalOverride":null,
      "sAttackProjectileOverride":null,
      "aDefaultItems":[
         "@1",
         "@2"
      ],
      "aRandomWeapon":[
         
      ],
      "aRandomArmor":[
         
      ],
      "aRandomShield":[
         
      ],
      "aaRandomSets":[
         
      ],
      "aAdvancedCustomAttacks":[
         {
            "sOriginalPrefabName":"troll_groundslam",
            "sTargetAnim":"attack",
            "fAIAttackInterval":18,
            "bAIPrioritized":true,
            "dtAttackDamageOverride":{
               "fDamage":0,
               "fBlunt":0,
               "fSlash":160,
               "fPierce":0,
               "fChop":150,
               "fPickaxe":50,
               "fFire":40,
               "fFrost":0,
               "fLightning":0,
               "fPoison":0,
               "fSpirit":0
            },
            "fAttackDamageTotalOverride":null,
            "sAttackProjectileOverride":null,
            "aStartEffects":[
               "vfx_FireballHit",
               "sfx_dragon_alerted"
            ],
            "aHitEffects":[
               "fx_dragon_land",
               "vfx_ImpDeath",
               "sfx_imp_fireball_explode"
            ],
            "aTriggerEffects":null
         },
         {
            "sOriginalPrefabName":"troll_groundslam",
            "sTargetAnim":"attack",
            "fAIAttackInterval":6,
            "bAIPrioritized":null,
            "dtAttackDamageOverride":{
               "fDamage":0,
               "fBlunt":0,
               "fSlash":140,
               "fPierce":0,
               "fChop":150,
               "fPickaxe":50,
               "fFire":0,
               "fFrost":0,
               "fLightning":0,
               "fPoison":0,
               "fSpirit":0
            },
            "fAttackDamageTotalOverride":null,
            "sAttackProjectileOverride":null,
            "aStartEffects":[
               "sfx_dragon_alerted"
            ],
            "aHitEffects":[
               "fx_dragon_land"
            ],
            "aTriggerEffects":null
         }
      ]
   },
   "Category_BaseAI":{
      "fViewRange":20,
      "fViewAngle":90,
      "fHearRange":20,
      "sPathAgentType":"TrollSize",
      "fRandomCircleInterval":2,
      "fRandomMoveInterval":60,
      "fRandomMoveRange":10,
      "bAvoidFire":false,
      "bAfraidOfFire":false,
      "bAvoidWater":false,
      "sSpawnMessage":"",
      "sDeathMessage":""
   },
   "Category_MonsterAI":{
      "fAlertRange":10,
      "bFleeIfHurtWhenTargetCantBeReached":true,
      "bFleeIfNotAlerted":false,
      "fFleeIfLowHealth":0,
      "bCirculateWhileCharging":true,
      "bCirculateWhileChargingFlying":false,
      "bEnableHuntPlayer":false,
      "bAttackPlayerObjects":true,
      "bAttackPlayerObjectsWhenAlerted":true,
      "fInterceptTimeMax":1,
      "fInterceptTimeMin":0,
      "fMaxChaseDistance":0,
      "fMinAttackInterval":0,
      "fCircleTargetInterval":10,
      "fCircleTargetDuration":2,
      "fCircleTargetDistance":10,
      "aConsumeItems":[
         
      ],
      "fConsumeRange":2,
      "fConsumeSearchRange":5,
      "fConsumeSearchInterval":10,
      "fConsumeHeal":0
   },
   "Category_CharacterDrop":{
      "bReplaceOriginalDrops":true,
      "drDrops":[
         {
            "sPrefabName":"SerpentMeatCooked",
            "iAmountMin":1,
            "iAmountMax":2,
            "fChance":1,
            "bOnePerPlayer":false,
            "bLevelMultiplier":true
         },
         {
            "sPrefabName":"AshNeckTrophy",
            "iAmountMin":1,
            "iAmountMax":1,
            "fChance":0.05,
            "bOnePerPlayer":false,
            "bLevelMultiplier":false
         }
      ]
   },
   "Category_Special":{
      "bCanTame":false,
      "bAlwaysTame":false,
      "bCommandableWhenTame":false,
      "bCanProcreateWhenTame":false,
      "bFxNoTame":false,
      "bSfxNoAlert":false,
      "bSfxNoIdle":false,
      "bSfxNoHit":false,
      "bSfxNoDeath":false
   },
   "Category_NpcOnly":null,
   "sConfigFormatVersion":"0.2.0"
}