{
   "sOriginalPrefabName":"AshNeck",
   "sNewPrefabName":"SmallAshNeck",
   "Category_Appearance":{
      "vScale":{
         "fX":1.5,
         "fY":1.5,
         "fZ":1.5
      },
      "cTintColor":null,
      "cTintItems":null,
      "cBodySmoke":null,
      "cBodyFlames":{
         "fRed":0.05,
         "fGreen":0.05,
         "fBlue":0.05
      }
   },
   "Category_Character":{
      "sName":"Ash-eater Tadpole",
      "sFaction":"MountainMonsters",
      "bBoss":false,
      "sBossEvent":"",
      "sDefeatSetGlobalKey":"",
      "fMoveSpeedMulti":1,
      "bToleratesWater":true,
      "bToleratesFire":false,
      "bToleratesSmoke":true,
      "fHealth":100,
      "dDamageTaken":{
         "m_blunt":"Normal",
         "m_slash":"Normal",
         "m_pierce":"Normal",
         "m_chop":"Ignore",
         "m_pickaxe":"Ignore",
         "m_fire":"Resistant",
         "m_frost":"Normal",
         "m_lightning":"Normal",
         "m_poison":"Resistant",
         "m_spirit":"Immune"
      }
   },
   "Category_Humanoid":{
      "dtAttackDamageOverride":null,
      "fAttackDamageTotalOverride":null,
      "sAttackProjectileOverride":null,
      "aDefaultItems":[
         
      ],
      "aRandomWeapon":[
         
      ],
      "aRandomArmor":[
         
      ],
      "aRandomShield":[
         
      ],
      "aaRandomSets":[
         {
            "aSetItems":[
               "@1"
            ]
         },
         {
            "aSetItems":[
               "@1",
               "@2"
            ]
         }
      ],
      "aDeathEffects": [
         "sfx_neck_death",
         "vfx_neck_death",
         "AshNeck_ragdoll1"
      ],
      "aAdvancedCustomAttacks":[
         {
            "sOriginalPrefabName":"Neck_BiteAttack",
            "sTargetAnim":"attack",
            "fAIAttackInterval":4,
            "bAIPrioritized":true,
            "dtAttackDamageOverride":{
               "fDamage":0,
               "fBlunt":0,
               "fSlash":40,
               "fPierce":0,
               "fChop":0,
               "fPickaxe":0,
               "fFire":20,
               "fFrost":0,
               "fLightning":0,
               "fPoison":0,
               "fSpirit":0
            },
            "fAttackDamageTotalOverride":null,
            "sAttackProjectileOverride":null,
            "aStartEffects":null,
            "aHitEffects":[
               "vfx_BloodHit",
               "sfx_wolf_attack_hit"
            ],
            "aTriggerEffects":null
         },
         {
            "sOriginalPrefabName":"imp_fireball_attack",
            "sTargetAnim":"attack",
            "fAIAttackInterval":8,
            "bAIPrioritized":true,
            "dtAttackDamageOverride":{
               "fDamage":0,
               "fBlunt":20,
               "fSlash":0,
               "fPierce":0,
               "fChop":0,
               "fPickaxe":0,
               "fFire":40,
               "fFrost":0,
               "fLightning":0,
               "fPoison":0,
               "fSpirit":0
            },
            "fAttackDamageTotalOverride":null,
            "sAttackProjectileOverride":"Imp_fireball_projectile",
            "aStartEffects":[
               "vfx_FireballHit",
               "sfx_imp_fireball_launch",
               "sfx_neck_attack"
            ],
            "aHitEffects":null,
            "aTriggerEffects":null
         }
      ]
   },
   "Category_BaseAI":{
      "fViewRange":20,
      "fViewAngle":90,
      "fHearRange":20,
      "sPathAgentType":"Humanoid",
      "fRandomCircleInterval":2,
      "fRandomMoveInterval":60,
      "fRandomMoveRange":10,
      "bAvoidFire":false,
      "bAfraidOfFire":false,
      "bAvoidWater":false,
      "sSpawnMessage":"",
      "sDeathMessage":""
   },
   "Category_MonsterAI":{
      "fAlertRange":10,
      "bFleeIfHurtWhenTargetCantBeReached":true,
      "bFleeIfNotAlerted":true,
      "fFleeIfLowHealth":0.25,
      "bCirculateWhileCharging":true,
      "bCirculateWhileChargingFlying":false,
      "bEnableHuntPlayer":false,
      "bAttackPlayerObjects":true,
      "bAttackPlayerObjectsWhenAlerted":true,
      "fInterceptTimeMax":1,
      "fInterceptTimeMin":0,
      "fMaxChaseDistance":0,
      "fMinAttackInterval":0,
      "fCircleTargetInterval":5,
      "fCircleTargetDuration":2,
      "fCircleTargetDistance":5,
      "aConsumeItems":[
         
      ],
      "fConsumeRange":2,
      "fConsumeSearchRange":5,
      "fConsumeSearchInterval":10,
      "fConsumeHeal":0
   },
   "Category_CharacterDrop":{
      "bReplaceOriginalDrops":true,
      "drDrops":[
         {
            "sPrefabName":"NeckTailGrilled",
            "iAmountMin":1,
            "iAmountMax":1,
            "fChance":1,
            "bOnePerPlayer":false,
            "bLevelMultiplier":true
         }
      ]
   },
   "Category_Special":{
      "bCanTame":false,
      "bAlwaysTame":false,
      "bCommandableWhenTame":false,
      "bCanProcreateWhenTame":false,
      "bFxNoTame":false,
      "bSfxNoAlert":false,
      "bSfxNoIdle":false,
      "bSfxNoHit":false,
      "bSfxNoDeath":false
   },
   "Category_NpcOnly":null,
   "sConfigFormatVersion":"0.2.0"
}