{
   "sOriginalPrefabName":"SkeletonWarriorFire",
   "sNewPrefabName":"BlazingDamnedOne",
   "Category_Appearance":{
      "vScale":{
         "fX":1.5,
         "fY":1.5,
         "fZ":1.5
      },
      "cTintColor":null,
      "cTintItems":null,
      "cBodySmoke":null,
      "cBodyFlames":{
         "fRed":2.55,
         "fGreen":1.5,
         "fBlue":0.5
      }
   },
   "Category_Character":{
      "sName":"Blazing Damned One",
      "sFaction":"Boss",
      "bBoss":true,
      "sBossEvent":"DammedEncounter",
      "sDefeatSetGlobalKey":"defeated_damnedone",
      "fMoveSpeedMulti":1,
      "bToleratesWater":true,
      "bToleratesFire":true,
      "bToleratesSmoke":true,
      "fHealth":8000,
      "dDamageTaken":{
         "m_blunt":"Weak",
         "m_slash":"Normal",
         "m_pierce":"Resistant",
         "m_chop":"Ignore",
         "m_pickaxe":"Ignore",
         "m_fire":"Immune",
         "m_frost":"Resistant",
         "m_lightning":"Normal",
         "m_poison":"Immune",
         "m_spirit":"Normal"
      }
   },
   "Category_Humanoid":{
      "dtAttackDamageOverride":null,
      "fAttackDamageTotalOverride":null,
      "sAttackProjectileOverride":null,
      "aDefaultItems":[
         "@1",
         "@2",
         "@3",
         "@4",
         "@5",
         "EliteChaosPlateArmor",
         "EliteChaosPlateLegs",
         "CapeLinen",
         "ShieldFlametalTower"
      ],
      "aRandomWeapon":[
         
      ],
      "aRandomArmor":[
         
      ],
      "aRandomShield":[
         
      ],
      "aaRandomSets":[
         
      ],
      "aAdvancedCustomAttacks":[
         {
            "sOriginalPrefabName":"skeleton_mace",
            "sTargetAnim":"swing_axe2",
            "fAIAttackInterval":4,
            "bAIPrioritized":true,
            "dtAttackDamageOverride":{
               "fDamage":0,
               "fBlunt":120,
               "fSlash":0,
               "fPierce":0,
               "fChop":0,
               "fPickaxe":0,
               "fFire":0,
               "fFrost":0,
               "fLightning":0,
               "fPoison":60,
               "fSpirit":0
            },
            "fAttackDamageTotalOverride":null,
            "sAttackProjectileOverride":null,
            "aStartEffects":[
               "sfx_skeleton_attack",
               "sfx_goblinbrute_clubswing"
            ],
            "aHitEffects":[
               "vfx_clubhit",
               "sfx_skeleton_mace_hit"
            ],
            "aTriggerEffects":null
         },
         {
            "sOriginalPrefabName":"skeleton_mace",
            "sTargetAnim":"battleaxe_attack1",
            "fAIAttackInterval":4,
            "bAIPrioritized":null,
            "dtAttackDamageOverride":{
               "fDamage":0,
               "fBlunt":120,
               "fSlash":0,
               "fPierce":0,
               "fChop":0,
               "fPickaxe":0,
               "fFire":0,
               "fFrost":0,
               "fLightning":0,
               "fPoison":60,
               "fSpirit":0
            },
            "fAttackDamageTotalOverride":null,
            "sAttackProjectileOverride":null,
            "aStartEffects":[
               "sfx_skeleton_attack",
               "sfx_goblinbrute_clubswing"
            ],
            "aHitEffects":[
               "vfx_clubhit",
               "sfx_skeleton_mace_hit"
            ],
            "aTriggerEffects":null
         },
         {
            "sOriginalPrefabName":"skeleton_mace",
            "sTargetAnim":"jump_attack",
            "fAIAttackInterval":20,
            "bAIPrioritized":true,
            "dtAttackDamageOverride":{
               "fDamage":0,
               "fBlunt":120,
               "fSlash":0,
               "fPierce":0,
               "fChop":0,
               "fPickaxe":0,
               "fFire":40,
               "fFrost":0,
               "fLightning":0,
               "fPoison":60,
               "fSpirit":0
            },
            "fAttackDamageTotalOverride":null,
            "sAttackProjectileOverride":null,
            "aStartEffects":[
               "sfx_skeleton_alerted"
            ],
            "aHitEffects":[
               "vfx_ImpDeath",
               "vfx_stonegolem_attack_hit",
               "sfx_skeleton_mace_hit",
               "sfx_imp_fireball_explode"
            ],
            "aTriggerEffects":null
         },
         {
            "sOriginalPrefabName":"Blazing_Shoot",
            "sTargetAnim":"cast2",
            "fAIAttackInterval":45,
            "bAIPrioritized":null,
            "dtAttackDamageOverride":{
               "fDamage":0,
               "fBlunt":70,
               "fSlash":0,
               "fPierce":0,
               "fChop":0,
               "fPickaxe":0,
               "fFire":70,
               "fFrost":0,
               "fLightning":0,
               "fPoison":0,
               "fSpirit":0
            },
            "fAttackDamageTotalOverride":null,
            "sAttackProjectileOverride":null,
            "aStartEffects":[
               "sfx_skeleton_big_alerted"
            ],
            "aHitEffects":null,
            "aTriggerEffects":null
         },
         {
            "sOriginalPrefabName":"skeleton_mace",
            "sTargetAnim":"swing_sledge",
            "fAIAttackInterval":24,
            "bAIPrioritized":null,
            "dtAttackDamageOverride":{
               "fDamage":0,
               "fBlunt":180,
               "fSlash":0,
               "fPierce":0,
               "fChop":0,
               "fPickaxe":0,
               "fFire":60,
               "fFrost":0,
               "fLightning":0,
               "fPoison":120,
               "fSpirit":0
            },
            "fAttackDamageTotalOverride":null,
            "sAttackProjectileOverride":null,
            "aStartEffects":[
               "sfx_skeleton_big_alerted"
            ],
            "aHitEffects":[
               "fx_goblinking_beam_hit",
               "fx_dragon_land",
               "sfx_imp_fireball_explode",
               "sfx_skeleton_mace_hit"
            ],
            "aTriggerEffects":null
         }
      ]
   },
   "Category_BaseAI":{
      "fViewRange":30,
      "fViewAngle":90,
      "fHearRange":9999,
      "sPathAgentType":"HumanoidNoSwim",
      "fRanomCircleInterval":2,
      "fRandomMoveInterval":20,
      "fRandomMoveRange":10,
      "bAvoidFire":false,
      "bAfraidOfFire":false,
      "bAvoidWater":true,
      "sSpawnMessage":"Now you will feel my REAL wrath!",
      "sDeathMessage":"You have earned your place in Valhalla!"
   },
   "Category_MonsterAI":{
      "fAlertRange":20,
      "bFleeIfHurtWhenTargetCantBeReached":true,
      "bFleeIfNotAlerted":false,
      "fFleeIfLowHealth":0,
      "bCirculateWhileCharging":true,
      "bCirculateWhileChargingFlying":false,
      "bEnableHuntPlayer":false,
      "bAttackPlayerObjects":true,
      "bAttackPlayerObjectsWhenAlerted":true,
      "fInterceptTimeMax":2,
      "fInterceptTimeMin":0,
      "fMaxChaseDistance":500,
      "fMinAttackInterval":0,
      "fCircleTargetInterval":10,
      "fCircleTargetDuration":5,
      "fCircleTargetDistance":4,
      "aConsumeItems":[
         
      ],
      "fConsumeRange":2,
      "fConsumeSearchRange":5,
      "fConsumeSearchInterval":10,
      "fConsumeHeal":0
   },
   "Category_CharacterDrop":{
      "bReplaceOriginalDrops":true,
      "drDrops":[
         {
            "sPrefabName":"TorchOlympia",
            "iAmountMin":1,
            "iAmountMax":1,
            "fChance":1,
            "bOnePerPlayer":false,
            "bLevelMultiplier":false
         },
         {
            "sPrefabName":"FlametalOre",
            "iAmountMin":2,
            "iAmountMax":4,
            "fChance":1,
            "bOnePerPlayer":false,
            "bLevelMultiplier":true
         },
         {
            "sPrefabName":"TrophyHelDemon",
            "iAmountMin":1,
            "iAmountMax":1,
            "fChance":1,
            "bOnePerPlayer":false,
            "bLevelMultiplier":true
         }

      ]
   },
   "Category_Special":{
      "bCanTame":false,
      "bAlwaysTame":false,
      "bCommandableWhenTame":false,
      "bCanProcreateWhenTame":false,
      "bFxNoTame":false,
      "bSfxNoAlert":false,
      "bSfxNoIdle":false,
      "bSfxNoHit":false,
      "bSfxNoDeath":false
   },
   "Category_NpcOnly":null,
   "sConfigFormatVersion":"0.2.0"
}