{
   "sOriginalPrefabName" : "BlobTar",
   "sNewPrefabName" : "BlobFire",
   "Category_Appearance" : {
      "vScale" : {
         "fX" : 1.55,
         "fY" : 1.55,
         "fZ" : 1.55
      },
      "cTintColor" : null,
      "cTintItems" : null,
      "cBodySmoke" : {
         "fRed":2.55,
         "fGreen":0,
         "fBlue":0
      },
      "cBodyFlames": null,
      "sCustomTexture" : null
   },
   "Category_Character" : {
      "sName" : "Skin of Evil",
      "sFaction" : "Undead",
      "bBoss" : false,
      "sBossEvent" : "",
      "sDefeatSetGlobalKey" : "defeated_blobfire",
      "fMoveSpeedMulti" : 1,
      "bToleratesWater" : false,
      "bToleratesFire" : true,
      "bToleratesSmoke" : true,
      "fHealth" : 400,
      "dDamageTaken" : {
         "m_blunt" : "Weak",
         "m_slash" : "Resistant",
         "m_pierce" : "Resistant",
         "m_chop" : "Ignore",
         "m_pickaxe" : "Ignore",
         "m_fire" : "Immune",
         "m_frost" : "Weak",
         "m_lightning" : "Normal",
         "m_poison" : "Immune",
         "m_spirit" : "Normal"
      }
   },
   "Category_Humanoid" : {
      "dtAttackDamageOverride" : {
         "fDamage" : 0,
         "fBlunt" : 90,
         "fSlash" : 0,
         "fPierce" : 0,
         "fChop" : 0,
         "fPickaxe" : 0,
         "fFire" : 30,
         "fFrost" : 0,
         "fLightning" : 0,
         "fPoison" : 64,
         "fSpirit" : 0
      },
      "fAttackDamageTotalOverride" : null,
      "sAttackProjectileOverride" : null,
      "aDefaultItems" : [
         "blobtar_attack"
      ],
      "aRandomWeapon" : [
         
      ],
      "aRandomArmor" : [
         
      ],
      "aRandomShield" : [
         
      ],
      "aaRandomSets" : [
         
      ],
      "aHitEffects" : [
         "vfx_blobtar_hit",
         "sfx_blob_hit"
      ],
      "aDeathEffects" : [
         "vfx_blobtar_death",
         "sfx_blob_death"
      ],
      "aConsumeItemEffects" : [
         
      ],
      "aAdvancedCustomAttacks" : null
   },
   "Category_BaseAI" : {
      "fViewRange" : 30,
      "fViewAngle" : 90,
      "fHearRange" : 9999,
      "aAlertedEffects" : [
         "sfx_blob_alerted"
      ],
      "aIdleEffects" : [
         "sfx_blobtar_idle"
      ],
      "fIdleEffectsInterval" : 10,
      "fIdleEffectsChance" : 0.25,
      "sPathAgentType" : "Humanoid",
      "fRandomCircleInterval" : 2,
      "fRandomMoveInterval" : 30,
      "fRandomMoveRange" : 10,
      "bRandomFly" : false,
      "fChanceToTakeoff" : 1,
      "fChanceToLand" : 1,
      "fGroundDuration" : 10,
      "fAirDuration" : 10,
      "fMaxLandAltitude" : 5,
      "fFlyAltitudeMin" : 3,
      "fFlyAltitudeMax" : 10,
      "fTakeoffTime" : 5,
      "bAvoidFire" : false,
      "bAfraidOfFire" : false,
      "bAvoidWater" : true,
      "sSpawnMessage" : "",
      "sDeathMessage" : ""
   },
   "Category_MonsterAI" : {
      "fAlertRange" : 9999,
      "bFleeIfHurtWhenTargetCantBeReached" : false,
      "bFleeIfNotAlerted" : false,
      "fFleeIfLowHealth" : 0,
      "bCirculateWhileCharging" : false,
      "bCirculateWhileChargingFlying" : false,
      "bEnableHuntPlayer" : false,
      "bAttackPlayerObjects" : true,
      "bAttackPlayerObjectsWhenAlerted" : null,
      "fInterceptTimeMax" : 0,
      "fInterceptTimeMin" : 0,
      "fMaxChaseDistance" : 0,
      "fMinAttackInterval" : 0,
      "fCircleTargetInterval" : 0,
      "fCircleTargetDuration" : 5,
      "fCircleTargetDistance" : 10,
      "bSleeping" : false,
      "bNoiseWakeup" : false,
      "fNoiseRangeScale" : 1,
      "fWakeupRange" : 5,
      "aWakeupEffects" : [
         
      ],
      "bAvoidLand" : false,
      "aConsumeItems" : [
         
      ],
      "fConsumeRange" : 2,
      "fConsumeSearchRange" : 5,
      "fConsumeSearchInterval" : 10,
      "fConsumeHeal" : 0
   },
   "Category_CharacterDrop" : {
      "bReplaceOriginalDrops" : true,
      "drDrops" : [
         {
            "sPrefabName":"Tar",
            "iAmountMin":2,
            "iAmountMax":4,
            "fChance":1,
            "bOnePerPlayer":false,
            "bLevelMultiplier":true
         }
      ]
   },
   "Category_Special" : {
      "bCanTame" : false,
      "bAlwaysTame" : false,
      "bCommandableWhenTame" : false,
      "bCanProcreateWhenTame" : false,
      "bFxNoTame" : false,
      "bSfxNoAlert" : false,
      "bSfxNoIdle" : false,
      "bSfxNoHit" : false,
      "bSfxNoDeath" : false
   },
   "Category_NpcOnly" : null,
   "sConfigFormatVersion" : "0.2.0"
}