{
   "sOriginalPrefabName":"SkeletonWarriorFire",
   "sNewPrefabName":"BlazingBones",
   "Category_Appearance":{
      "vScale":{
         "fX":1,
         "fY":1,
         "fZ":1
      },
      "cTintColor":null,
      "cTintItems":null,
      "cBodySmoke":null,
      "cBodyFlames":null
   },
   "Category_Character":{
      "sName":"Blazing Bones",
      "sFaction":"Undead",
      "bBoss":false,
      "sBossEvent":"",
      "sDefeatSetGlobalKey":"",
      "fMoveSpeedMulti":1.2,
      "bToleratesWater":true,
      "bToleratesFire":true,
      "bToleratesSmoke":true,
      "fHealth":180,
      "dDamageTaken":{
         "m_blunt":"Weak",
         "m_slash":"Normal",
         "m_pierce":"Resistant",
         "m_chop":"Ignore",
         "m_pickaxe":"Ignore",
         "m_fire":"Immune",
         "m_frost":"Resistant",
         "m_lightning":"Normal",
         "m_poison":"Immune",
         "m_spirit":"Normal"
      }
   },
   "Category_Humanoid":{
      "dtAttackDamageOverride":null,
      "fAttackDamageTotalOverride":null,
      "sAttackProjectileOverride":null,
      "aDefaultItems":[
               "@1",
               "@2",
               "@3",
               "@4",
               "@5",
               "ArmorPaddedCuirass",
               "ArmorPaddedGreaves",
               "CapeLinen",
               "ShieldBlackmetal"         
      ],
      "aRandomWeapon":[
         
      ],
      "aRandomArmor":[
         
      ],
      "aRandomShield":[
         
      ],
      "aaRandomSets":[
       
      ],
      "aAdvancedCustomAttacks":[
         {
            "sOriginalPrefabName":"SkeletonSwordBlackMetal",
            "sTargetAnim":"swing_longsword0",
            "fAIAttackInterval":3,
            "bAIPrioritized":null,
            "dtAttackDamageOverride":{
               "fDamage":0,
               "fBlunt":0,
               "fSlash":140,
               "fPierce":0,
               "fChop":0,
               "fPickaxe":0,
               "fFire":40,
               "fFrost":0,
               "fLightning":0,
               "fPoison":0,
               "fSpirit":0
            },
            "fAttackDamageTotalOverride":null,
            "sAttackProjectileOverride":null,
            "aStartEffects":[
               "sfx_skeleton_attack",
               "sfx_axe_swing"
            ],
            "aHitEffects":[
               "sfx_axe_hit"
            ],
            "aTriggerEffects":null
         },
         {
            "sOriginalPrefabName":"SkeletonSwordBlackMetal",
            "sTargetAnim":"swing_longsword2",
            "fAIAttackInterval":4,
            "bAIPrioritized":null,
            "dtAttackDamageOverride":{
               "fDamage":0,
               "fBlunt":0,
               "fSlash":140,
               "fPierce":0,
               "fChop":0,
               "fPickaxe":0,
               "fFire":40,
               "fFrost":0,
               "fLightning":0,
               "fPoison":0,
               "fSpirit":0
            },
            "fAttackDamageTotalOverride":null,
            "sAttackProjectileOverride":null,
            "aStartEffects":[
               "sfx_skeleton_attack",
               "sfx_axe_swing"
            ],
            "aHitEffects":[
               "sfx_axe_hit"
            ],
            "aTriggerEffects":null
         },
         {
            "sOriginalPrefabName":"SkeletonSwordBlackMetal",
            "sTargetAnim":"battleaxe_attack1",
            "fAIAttackInterval":12,
            "bAIPrioritized":true,
            "dtAttackDamageOverride":{
               "fDamage":0,
               "fBlunt":0,
               "fSlash":180,
               "fPierce":0,
               "fChop":0,
               "fPickaxe":0,
               "fFire":40,
               "fFrost":0,
               "fLightning":0,
               "fPoison":0,
               "fSpirit":0
            },
            "fAttackDamageTotalOverride":null,
            "sAttackProjectileOverride":null,
            "aStartEffects":[
               "sfx_skeleton_alerted"
            ],
            "aHitEffects":[
               "fx_goblinking_beam_hit",
               "sfx_axe_hit",
               "sfx_imp_fireball_explode"
            ],
            "aTriggerEffects":null
         },
         {
            "sOriginalPrefabName":"imp_fireball_attack",
            "sTargetAnim":"cast1",
            "fAIAttackInterval":12,
            "bAIPrioritized":null,
            "dtAttackDamageOverride":{
               "fDamage":0,
               "fBlunt":20,
               "fSlash":0,
               "fPierce":0,
               "fChop":0,
               "fPickaxe":0,
               "fFire":80,
               "fFrost":0,
               "fLightning":0,
               "fPoison":0,
               "fSpirit":0
            },
            "fAttackDamageTotalOverride":null,
            "sAttackProjectileOverride":"Imp_fireball_projectile",
            "aStartEffects":[
               "sfx_skeleton_attack"
            ],
            "aHitEffects":null,
            "aTriggerEffects":null
         },
         {
            "sOriginalPrefabName":"SkeletonSwordBlackMetal",
            "sTargetAnim":"jump_attack",
            "fAIAttackInterval":20,
            "bAIPrioritized":true,
            "dtAttackDamageOverride":{
               "fDamage":0,
               "fBlunt":0,
               "fSlash":140,
               "fPierce":0,
               "fChop":0,
               "fPickaxe":0,
               "fFire":40,
               "fFrost":0,
               "fLightning":0,
               "fPoison":0,
               "fSpirit":0
            },
            "fAttackDamageTotalOverride":null,
            "sAttackProjectileOverride":null,
            "aStartEffects":[
               "sfx_skeleton_alerted"
            ],
            "aHitEffects":[
               "vfx_ImpDeath",
               "vfx_stonegolem_attack_hit",
               "sfx_axe_hit",
               "sfx_imp_fireball_explode"
            ],
            "aTriggerEffects":null
         }
      ]
   },
   "Category_BaseAI":{
      "fViewRange":30,
      "fViewAngle":90,
      "fHearRange":9999,
      "sPathAgentType":"HumanoidNoSwim",
      "fRandomCircleInterval":2,
      "fRandomMoveInterval":20,
      "fRandomMoveRange":10,
      "bAvoidFire":false,
      "bAfraidOfFire":false,
      "bAvoidWater":true,
      "sSpawnMessage":"",
      "sDeathMessage":""
   },
   "Category_MonsterAI":{
      "fAlertRange":20,
      "bFleeIfHurtWhenTargetCantBeReached":true,
      "bFleeIfNotAlerted":false,
      "fFleeIfLowHealth":0,
      "bCirculateWhileCharging":true,
      "bCirculateWhileChargingFlying":false,
      "bEnableHuntPlayer":false,
      "bAttackPlayerObjects":true,
      "bAttackPlayerObjectsWhenAlerted":true,
      "fInterceptTimeMax":2,
      "fInterceptTimeMin":0,
      "fMaxChaseDistance":0,
      "fMinAttackInterval":0,
      "fCircleTargetInterval":10,
      "fCircleTargetDuration":5,
      "fCircleTargetDistance":5,
      "aConsumeItems":[
         
      ],
      "fConsumeRange":2,
      "fConsumeSearchRange":5,
      "fConsumeSearchInterval":10,
      "fConsumeHeal":0
   },
   "Category_CharacterDrop":{
      "bReplaceOriginalDrops":true,
      "drDrops":[
         {
            "sPrefabName":"Coal",
            "iAmountMin":1,
            "iAmountMax":2,
            "fChance":1,
            "bOnePerPlayer":false,
            "bLevelMultiplier":true
         }
      ]
   },
   "Category_Special":{
      "bCanTame":false,
      "bAlwaysTame":false,
      "bCommandableWhenTame":false,
      "bCanProcreateWhenTame":false,
      "bFxNoTame":false,
      "bSfxNoAlert":false,
      "bSfxNoIdle":false,
      "bSfxNoHit":false,
      "bSfxNoDeath":false
   },
   "Category_NpcOnly":null,
   "sConfigFormatVersion":"0.2.0"
}