{
   "sOriginalPrefabName":"BurnedBones",
   "sNewPrefabName":"DamnedOne",
   "Category_Appearance":{
      "vScale":{
         "fX":1.2,
         "fY":1.2,
         "fZ":1.2
      },
      "cTintColor":null,
      "cTintItems":null,
      "cBodySmoke":null,
      "cBodyFlames":{
         "fRed":0.05,
         "fGreen":0.05,
         "fBlue":0.05
      }
   },
   "Category_Character":{
      "sName":"The Damned One",
      "sFaction":"Boss",
      "bBoss":true,
      "sBossEvent":"DammedEncounter",
      "sDefeatSetGlobalKey": null,
      "fMoveSpeedMulti":1,
      "bToleratesWater":true,
      "bToleratesFire":false,
      "bToleratesSmoke":true,
      "fHealth":5000,
      "dDamageTaken":{
         "m_blunt":"Weak",
         "m_slash":"Normal",
         "m_pierce":"Resistant",
         "m_chop":"Ignore",
         "m_pickaxe":"Ignore",
         "m_fire":"VeryResistant",
         "m_frost":"Resistant",
         "m_lightning":"Normal",
         "m_poison":"Immune",
         "m_spirit":"Normal"
      }
   },
   "Category_Humanoid":{
      "dtAttackDamageOverride":null,
      "fAttackDamageTotalOverride":null,
      "sAttackProjectileOverride":null,
      "aDefaultItems":[
         "@1",
         "@2",
         "@3",
         "@4",
         "@5",
         "@6",
         "ChaosPlateArmorBody",
         "ChaosPlateLegs",
         "CapeLinen",
         "ShieldFlametalTower"
      ],
      "aRandomWeapon":[
         
      ],
      "aRandomArmor":[
         
      ],
      "aRandomShield":[
         
      ],
      "aaRandomSets":[
         
      ],
      "aAdvancedCustomAttacks":[
         {
            "sOriginalPrefabName":"skeleton_mace",
            "sTargetAnim":"swing_axe2",
            "fAIAttackInterval":4,
            "bAIPrioritized":true,
            "dtAttackDamageOverride":{
               "fDamage":0,
               "fBlunt":120,
               "fSlash":0,
               "fPierce":0,
               "fChop":0,
               "fPickaxe":0,
               "fFire":0,
               "fFrost":0,
               "fLightning":0,
               "fPoison":60,
               "fSpirit":0
            },
            "fAttackDamageTotalOverride":null,
            "sAttackProjectileOverride":null,
            "aStartEffects":[
               "sfx_skeleton_attack",
               "sfx_goblinbrute_clubswing"
            ],
            "aHitEffects":[
               "vfx_clubhit",
               "sfx_skeleton_mace_hit"
            ],
            "aTriggerEffects":null
         },
         {
            "sOriginalPrefabName":"skeleton_mace",
            "sTargetAnim":"battleaxe_attack1",
            "fAIAttackInterval":4,
            "bAIPrioritized":null,
            "dtAttackDamageOverride":{
               "fDamage":0,
               "fBlunt":120,
               "fSlash":0,
               "fPierce":0,
               "fChop":0,
               "fPickaxe":0,
               "fFire":0,
               "fFrost":0,
               "fLightning":0,
               "fPoison":60,
               "fSpirit":0
            },
            "fAttackDamageTotalOverride":null,
            "sAttackProjectileOverride":null,
            "aStartEffects":[
               "sfx_skeleton_attack",
               "sfx_goblinbrute_clubswing"
            ],
            "aHitEffects":[
               "vfx_clubhit",
               "sfx_skeleton_mace_hit"
            ],
            "aTriggerEffects":null
         },
         {
            "sOriginalPrefabName":"skeleton_mace",
            "sTargetAnim":"kick",
            "fAIAttackInterval":4,
            "bAIPrioritized":null,
            "dtAttackDamageOverride":{
               "fDamage":0,
               "fBlunt":100,
               "fSlash":0,
               "fPierce":0,
               "fChop":0,
               "fPickaxe":0,
               "fFire":0,
               "fFrost":0,
               "fLightning":0,
               "fPoison":0,
               "fSpirit":0
            },
            "fAttackDamageTotalOverride":null,
            "sAttackProjectileOverride":null,
            "aStartEffects":[
               "sfx_skeleton_attack"
            ],
            "aHitEffects":[
               "vfx_clubhit",
               "sfx_unarmed_hit"
            ],
            "aTriggerEffects":null
         },
         {
            "sOriginalPrefabName":"skeleton_mace",
            "sTargetAnim":"bash",
            "fAIAttackInterval":8,
            "bAIPrioritized":null,
            "dtAttackDamageOverride":{
               "fDamage":0,
               "fBlunt":140,
               "fSlash":0,
               "fPierce":0,
               "fChop":0,
               "fPickaxe":0,
               "fFire":0,
               "fFrost":0,
               "fLightning":0,
               "fPoison":0,
               "fSpirit":0
            },
            "fAttackDamageTotalOverride":null,
            "sAttackProjectileOverride":null,
            "aStartEffects":[
               "sfx_skeleton_attack",
               "sfx_club_swing"
            ],
            "aHitEffects":[
               "vfx_clubhit",
               "vfx_HitSparks",
               "sfx_pickaxe_hit"
            ],
            "aTriggerEffects":null
         },
         {
            "sOriginalPrefabName":"skeleton_mace",
            "sTargetAnim":"swing_sledge",
            "fAIAttackInterval":24,
            "bAIPrioritized":null,
            "dtAttackDamageOverride":{
               "fDamage":0,
               "fBlunt":180,
               "fSlash":0,
               "fPierce":0,
               "fChop":0,
               "fPickaxe":0,
               "fFire":0,
               "fFrost":0,
               "fLightning":0,
               "fPoison":120,
               "fSpirit":0
            },
            "fAttackDamageTotalOverride":null,
            "sAttackProjectileOverride":null,
            "aStartEffects":[
               "vfx_blob_attack",
               "sfx_skeleton_big_alerted"
            ],
            "aHitEffects":[
               "fx_dragon_land",
               "sfx_skeleton_mace_hit"
            ],
            "aTriggerEffects":null
         },
         {
            "sOriginalPrefabName":"imp_fireball_attack",
            "sTargetAnim":"swing_longsword0",
            "fAIAttackInterval":20,
            "bAIPrioritized":null,
            "dtAttackDamageOverride":{
               "fDamage":0,
               "fBlunt":0,
               "fSlash":0,
               "fPierce":0,
               "fChop":0,
               "fPickaxe":0,
               "fFire":0,
               "fFrost":0,
               "fLightning":0,
               "fPoison":80,
               "fSpirit":0
            },
            "fAttackDamageTotalOverride":null,
            "sAttackProjectileOverride":"oozebomb_projectile",
            "aStartEffects":[
               "sfx_skeleton_attack"
            ],
            "aHitEffects":null,
            "aTriggerEffects":null
         }
      ]
   },
   "Category_BaseAI":{
      "fViewRange":30,
      "fViewAngle":90,
      "fHearRange":9999,
      "sPathAgentType":"HumanoidNoSwim",
      "fRanomCircleInterval":2,
      "fRandomMoveInterval":20,
      "fRandomMoveRange":10,
      "bAvoidFire":false,
      "bAfraidOfFire":false,
      "bAvoidWater":true,
      "sSpawnMessage": "You're going to regret this...",
      "sDeathMessage":""
   },
   "Category_MonsterAI":{
      "fAlertRange":20,
      "bFleeIfHurtWhenTargetCantBeReached":true,
      "bFleeIfNotAlerted":false,
      "fFleeIfLowHealth":0,
      "bCirculateWhileCharging":true,
      "bCirculateWhileChargingFlying":false,
      "bEnableHuntPlayer":false,
      "bAttackPlayerObjects":true,
      "bAttackPlayerObjectsWhenAlerted":true,
      "fInterceptTimeMax":2,
      "fInterceptTimeMin":0,
      "fMaxChaseDistance":500,
      "fMinAttackInterval":0,
      "fCircleTargetInterval":10,
      "fCircleTargetDuration":5,
      "fCircleTargetDistance":4,
      "aConsumeItems":[
         
      ],
      "fConsumeRange":2,
      "fConsumeSearchRange":5,
      "fConsumeSearchInterval":10,
      "fConsumeHeal":0
   },
   "Category_CharacterDrop":{
      "bReplaceOriginalDrops":true,
      "drDrops":[

      ]
   },
   "Category_Special":{
      "bCanTame":false,
      "bAlwaysTame":false,
      "bCommandableWhenTame":false,
      "bCanProcreateWhenTame":false,
      "bFxNoTame":false,
      "bSfxNoAlert":false,
      "bSfxNoIdle":false,
      "bSfxNoHit":false,
      "bSfxNoDeath":false
   },
   "Category_NpcOnly":null,
   "sConfigFormatVersion":"0.2.0"
}