{
   "sOriginalPrefabName":"Deathsquito",
   "sNewPrefabName":"DarkMosquito",
   "Category_Appearance":{
      "vScale":{
         "fX":0.3,
         "fY":0.3,
         "fZ":0.3
      },
      "cTintColor":null,
      "cTintItems":null,
      "cBodySmoke":null,
      "cBodyFlames":{
         "fRed":2,
         "fGreen":0,
         "fBlue":2
      },
      "sCustomTexture":"Cinderwings"
   },
   "Category_Character":{
      "sName":"Darksquito",
      "sFaction":"Boss",
      "bBoss":false,
      "sBossEvent":"",
      "sDefeatSetGlobalKey":"",
      "fMoveSpeedMulti":1.5,
      "bToleratesWater":true,
      "bToleratesFire":true,
      "bToleratesSmoke":true,
      "fHealth":5,
      "dDamageTaken":{
         "m_blunt":"Normal",
         "m_slash":"Normal",
         "m_pierce":"Normal",
         "m_chop":"Ignore",
         "m_pickaxe":"Ignore",
         "m_fire":"Normal",
         "m_frost":"Normal",
         "m_lightning":"Normal",
         "m_poison":"Immune",
         "m_spirit":"Immune"
      }
   },
   "Category_Humanoid":{
      "dtAttackDamageOverride":null,
      "fAttackDamageTotalOverride":null,
      "sAttackProjectileOverride":null,
      "aDefaultItems":[
         
      ],
      "aRandomWeapon":[
         
      ],
      "aRandomArmor":[
         
      ],
      "aRandomShield":[
         
      ],
      "aaRandomSets":[
         
      ],
      "aAdvancedCustomAttacks":[
         
      ]
   },
   "Category_BaseAI":{
      "fViewRange":30,
      "fViewAngle":90,
      "fHearRange":30,
      "sPathAgentType":"Humanoid",
      "fRandomCircleInterval":5,
      "fRandomMoveInterval":2,
      "fRandomMoveRange":10,
      "bAvoidFire":false,
      "bAfraidOfFire":false,
      "bAvoidWater":true,
      "sSpawnMessage":"",
      "sDeathMessage":""
   },
   "Category_MonsterAI":{
      "fAlertRange":20,
      "bFleeIfHurtWhenTargetCantBeReached":false,
      "bFleeIfNotAlerted":false,
      "fFleeIfLowHealth":0,
      "bCirculateWhileCharging":true,
      "bCirculateWhileChargingFlying":true,
      "bEnableHuntPlayer":true,
      "bAttackPlayerObjects":false,
      "bAttackPlayerObjectsWhenAlerted":false,
      "fInterceptTimeMax":0,
      "fInterceptTimeMin":0,
      "fMaxChaseDistance":0,
      "fMinAttackInterval":0,
      "fCircleTargetInterval":0,
      "fCircleTargetDuration":5,
      "fCircleTargetDistance":10,
      "aConsumeItems":[
         
      ],
      "fConsumeRange":2,
      "fConsumeSearchRange":5,
      "fConsumeSearchInterval":10,
      "fConsumeHeal":0
   },
   "Category_CharacterDrop":{
      "bReplaceOriginalDrops":true,
      "drDrops":[
         
      ]
   },
   "Category_Special":{
      "bCanTame":false,
      "bAlwaysTame":false,
      "bCommandableWhenTame":false,
      "bCanProcreateWhenTame":false,
      "bSfxNoAlert":true,
      "bSfxNoIdle":true,
      "bSfxNoHit":true,
      "bSfxNoDeath":true,
      "bFxNoTame":true
   },
   "Category_NpcOnly":null,
   "sConfigFormatVersion":"0.2.0"
}