{
   "sOriginalPrefabName":"RRR_NPC",
   "sNewPrefabName":"SvartalfrMage",
   "Category_Appearance":{
      "vScale":{
         "fX":0.75,
         "fY":1.2,
         "fZ":1.1
      },
      "cTintColor":null,
      "cTintItems":{
         "fRed":0.35,
         "fGreen":0.35,
         "fBlue":0.35
      },
      "cBodySmoke":null,
      "cBodyFlames":null,
      "sCustomTexture":null
   },
   "Category_Character":{
      "sName":"Dark Elf Mage",
      "sFaction":"ForestMonsters",
      "bBoss":false,
      "sBossEvent":"",
      "sDefeatSetGlobalKey":"killed_svartalfr",
      "fMoveSpeedMulti":1.1,
      "bToleratesWater":true,
      "bToleratesFire":false,
      "bToleratesSmoke":false,
      "fHealth":220,
      "dDamageTaken":{
         "m_blunt":"Normal",
         "m_slash":"Normal",
         "m_pierce":"Normal",
         "m_chop":"Immune",
         "m_pickaxe":"Immune",
         "m_fire":"Normal",
         "m_frost":"Normal",
         "m_lightning":"Normal",
         "m_poison":"Normal",
         "m_spirit":"Immune"
      }
   },
   "Category_Humanoid":{
      "dtAttackDamageOverride":null,
      "fAttackDamageTotalOverride":null,
      "sAttackProjectileOverride":null,
      "aDefaultItems":[
         "@1",
         "@2",
         "@3",
         "ArmorIronLegs",
         "SageRobeBlack",
         "CapeLinen"
      ],
      "aRandomWeapon":[
         
      ],
      "aRandomArmor":[
         "HelmetTrollLeather",
         ""
      ],
      "aRandomShield":[
         
      ],
      "aaRandomSets":[
         
      ],
      "aAdvancedCustomAttacks":[
         {
            "sOriginalPrefabName":"Greydwarf_throw",
            "sTargetAnim":"sword_secondary",
            "fAIAttackInterval":4,
            "bAIPrioritized":true,
            "dtAttackDamageOverride":{
               "fDamage":0,
               "fBlunt":100,
               "fSlash":0,
               "fPierce":0,
               "fChop":0,
               "fPickaxe":0,
               "fFire":0,
               "fFrost":0,
               "fLightning":0,
               "fPoison":40,
               "fSpirit":0
            },
            "fAttackDamageTotalOverride":null,
            "sAttackProjectileOverride":"gdking_root_projectile",
            "aStartEffects":[
               "sfx_unarmed_swing"
            ],
            "aHitEffects":null,
            "aTriggerEffects":null
         },
         {
            "sOriginalPrefabName":"Greydwarf_shaman_heal",
            "sTargetAnim":"mace_secondary",
            "fAIAttackInterval":12,
            "bAIPrioritized":null,
            "dtAttackDamageOverride":{
               "fDamage":0,
               "fBlunt":0,
               "fSlash":0,
               "fPierce":0,
               "fChop":0,
               "fPickaxe":0,
               "fFire":0,
               "fFrost":0,
               "fLightning":0,
               "fPoison":0,
               "fSpirit":0
            },
            "fAttackDamageTotalOverride":null,
            "sAttackProjectileOverride":null,
            "aStartEffects":[
               "sfx_unarmed_swing"
            ],
            "aHitEffects":null,
            "aTriggerEffects":null
         },
         {
            "sOriginalPrefabName":"dragon_claw_right",
            "sTargetAnim":"mace_secondary",
            "fAIAttackInterval":12,
            "bAIPrioritized":null,
            "dtAttackDamageOverride":{
               "fDamage":0,
               "fBlunt":40,
               "fSlash":0,
               "fPierce":0,
               "fChop":0,
               "fPickaxe":0,
               "fFire":0,
               "fFrost":0,
               "fLightning":0,
               "fPoison":0,
               "fSpirit":0
            },
            "fAttackDamageTotalOverride":null,
            "sAttackProjectileOverride":null,
            "aStartEffects":[
               "fx_gdking_rootspawn",
               "sfx_unarmed_swing"
            ],
            "aHitEffects":[
               "TentaRoot",
               "vfx_gdking_stomp",
               "sfx_gdking_stomp"
            ],
            "aTriggerEffects":null
         }
      ]
   },
   "Category_BaseAI":{
      "fViewRange":30,
      "fViewAngle":90,
      "fHearRange":9999,
      "sPathAgentType":"Humanoid",
      "fRandomCircleInterval":2,
      "fRandomMoveInterval":30,
      "fRandomMoveRange":3,
      "bAvoidFire":false,
      "bAfraidOfFire":false,
      "bAvoidWater":true,
      "sSpawnMessage":"",
      "sDeathMessage":""
   },
   "Category_MonsterAI":{
      "fAlertRange":20,
      "bFleeIfHurtWhenTargetCantBeReached":true,
      "bFleeIfNotAlerted":false,
      "fFleeIfLowHealth":0.20,
      "bCirculateWhileCharging":true,
      "bCirculateWhileChargingFlying":false,
      "bEnableHuntPlayer":false,
      "bAttackPlayerObjects":true,
      "bAttackPlayerObjectsWhenAlerted":true,
      "fInterceptTimeMax":2,
      "fInterceptTimeMin":0,
      "fMaxChaseDistance":300,
      "fMinAttackInterval":0,
      "fCircleTargetInterval":10,
      "fCircleTargetDuration":3,
      "fCircleTargetDistance":5,
      "aConsumeItems":[
         
      ],
      "fConsumeRange":2,
      "fConsumeSearchRange":5,
      "fConsumeSearchInterval":10,
      "fConsumeHeal":0
   },
   "Category_CharacterDrop":{
      "bReplaceOriginalDrops":true,
      "drDrops":[
         {
            "sPrefabName":"CursedEffigy",
            "iAmountMin":1,
            "iAmountMax":1,
            "fChance":0.05,
            "bOnePerPlayer":false,
            "bLevelMultiplier":false
         },
         {
            "sPrefabName":"Liver",
            "iAmountMin":1,
            "iAmountMax":1,
            "fChance":1,
            "bOnePerPlayer":false,
            "bLevelMultiplier":true
         },
         {
            "sPrefabName":"HeadElf",
            "iAmountMin":1,
            "iAmountMax":1,
            "fChance":0.1,
            "bOnePerPlayer":false,
            "bLevelMultiplier":false
         }
      ]
   },
   "Category_Special":{
      "bCanTame":false,
      "bAlwaysTame":false,
      "bCommandableWhenTame":false,
      "bCanProcreateWhenTame":false,
      "bSfxNoAlert":true,
      "bSfxNoIdle":true,
      "bSfxNoHit":true,
      "bSfxNoDeath":true,
      "bFxNoTame":true
   },
   "Category_NpcOnly":{
      "bIsFemale":true,
      "bRandomGender":false,
      "bNoBeardIfFemale":true,
      "aBeardIds":[
         
      ],
      "aHairIds":[
         "Hair3",
         "Hair9",
         "Hair13"
      ],
      "cSkinColorMin":{
         "fRed":0.25,
         "fGreen":0.25,
         "fBlue":0.25
      },
      "cSkinColorMax":{
         "fRed":0.20,
         "fGreen":0.20,
         "fBlue":0.20
      },
      "cHairColorMin":{
         "fRed":2.40,
         "fGreen":2.40,
         "fBlue":2.40
      },
      "cHairColorMax":{
         "fRed":2.45,
         "fGreen":2.45,
         "fBlue":2.45
      },
      "fHairValueMin":0.7,
      "fHairValueMax":0.9
   },
   "sConfigFormatVersion":"0.2.0"
}