{
   "sOriginalPrefabName":"gd_king",
   "sNewPrefabName":"DarkProtector",
   "Category_Appearance":{
      "vScale":{
         "fX":1,
         "fY":1,
         "fZ":1
      },
      "cTintColor":null,
      "cTintItems":null,
      "cBodySmoke":null,
      "cBodyFlames":null,
      "sCustomTexture":null
   },
   "Category_Character":{
      "sName":"Dark Elder",
      "sFaction":"Boss",
      "bBoss":false,
      "sBossEvent":"",
      "sDefeatSetGlobalKey":"",
      "fMoveSpeedMulti":1,
      "bToleratesWater":true,
      "bToleratesFire":false,
      "bToleratesSmoke":true,
      "fHealth":1800,
      "dDamageTaken":{
         "m_blunt":"Normal",
         "m_slash":"Normal",
         "m_pierce":"Normal",
         "m_chop":"Ignore",
         "m_pickaxe":"Ignore",
         "m_fire":"VeryWeak",
         "m_frost":"Normal",
         "m_lightning":"Normal",
         "m_poison":"Immune",
         "m_spirit":"Immune"
      }
   },
   "Category_Humanoid":{
      "dtAttackDamageOverride":null,
      "fAttackDamageTotalOverride":null,
      "sAttackProjectileOverride":null,
      "aDefaultItems":[
         "@1",
         "@2",
         "@3",
         "@4"
      ],
      "aRandomWeapon":[
         
      ],
      "aRandomArmor":[
         
      ],
      "aRandomShield":[
         
      ],
      "aaRandomSets":[
         
      ],
      "aAdvancedCustomAttacks":[
         {
            "sOriginalPrefabName":"gd_king_rootspawn",
            "sTargetAnim":"",
            "fAIAttackInterval":16,
            "bAIPrioritized":true,
            "dtAttackDamageOverride":{
               "fDamage":0,
               "fBlunt":0,
               "fSlash":0,
               "fPierce":0,
               "fChop":0,
               "fPickaxe":0,
               "fFire":0,
               "fFrost":0,
               "fLightning":0,
               "fPoison":0,
               "fSpirit":0
            },
            "fAttackDamageTotalOverride":null,
            "sAttackProjectileOverride":null,
            "aStartEffects":null,
            "aHitEffects":null,
            "aTriggerEffects":null
         },
         {
            "sOriginalPrefabName":"gd_king_shoot",
            "sTargetAnim":"",
            "fAIAttackInterval":6,
            "bAIPrioritized":null,
            "dtAttackDamageOverride":{
               "fDamage":0,
               "fBlunt":0,
               "fSlash":0,
               "fPierce":80,
               "fChop":50,
               "fPickaxe":50,
               "fFire":0,
               "fFrost":0,
               "fLightning":0,
               "fPoison":0,
               "fSpirit":0
            },
            "fAttackDamageTotalOverride":null,
            "sAttackProjectileOverride":null,
            "aStartEffects":null,
            "aHitEffects":null,
            "aTriggerEffects":null
         },
         {
            "sOriginalPrefabName":"gd_king_punch",
            "sTargetAnim":"",
            "fAIAttackInterval":18,
            "bAIPrioritized":null,
            "dtAttackDamageOverride":{
               "fDamage":0,
               "fBlunt":120,
               "fSlash":0,
               "fPierce":0,
               "fChop":150,
               "fPickaxe":150,
               "fFire":0,
               "fFrost":0,
               "fLightning":0,
               "fPoison":0,
               "fSpirit":0
            },
            "fAttackDamageTotalOverride":null,
            "sAttackProjectileOverride":null,
            "aStartEffects":null,
            "aHitEffects":null,
            "aTriggerEffects":null
         },
         {
            "sOriginalPrefabName":"gd_king_stomp",
            "sTargetAnim":"",
            "fAIAttackInterval":18,
            "bAIPrioritized":null,
            "dtAttackDamageOverride":{
               "fDamage":0,
               "fBlunt":140,
               "fSlash":0,
               "fPierce":0,
               "fChop":150,
               "fPickaxe":150,
               "fFire":0,
               "fFrost":0,
               "fLightning":0,
               "fPoison":40,
               "fSpirit":0
            },
            "fAttackDamageTotalOverride":null,
            "sAttackProjectileOverride":null,
            "aStartEffects":null,
            "aHitEffects":null,
            "aTriggerEffects":null
         }
      ]
   },
   "Category_BaseAI":{
      "fViewRange":50,
      "fViewAngle":90,
      "fHearRange":9999,
      "sPathAgentType":"HugeSize",
      "fRandomCircleInterval":2,
      "fRandomMoveInterval":15,
      "fRandomMoveRange":20,
      "bAvoidFire":false,
      "bAfraidOfFire":false,
      "bAvoidWater":true,
      "sSpawnMessage":"",
      "sDeathMessage":""
   },
   "Category_MonsterAI":{
      "fAlertRange":9999,
      "bFleeIfHurtWhenTargetCantBeReached":true,
      "bFleeIfNotAlerted":false,
      "fFleeIfLowHealth":0,
      "bCirculateWhileCharging":false,
      "bCirculateWhileChargingFlying":false,
      "bEnableHuntPlayer":true,
      "bAttackPlayerObjects":true,
      "bAttackPlayerObjectsWhenAlerted":true,
      "fInterceptTimeMax":0,
      "fInterceptTimeMin":0,
      "fMaxChaseDistance":0,
      "fMinAttackInterval":2,
      "fCircleTargetInterval":0,
      "fCircleTargetDuration":5,
      "fCircleTargetDistance":10,
      "aConsumeItems":[
         
      ],
      "fConsumeRange":2,
      "fConsumeSearchRange":5,
      "fConsumeSearchInterval":10,
      "fConsumeHeal":0
   },
   "Category_CharacterDrop":{
      "bReplaceOriginalDrops":true,
      "drDrops":[
         {
            "sPrefabName":"WorldTreeFragment",
            "iAmountMin":5,
            "iAmountMax":10,
            "fChance":1,
            "bOnePerPlayer":false,
            "bLevelMultiplier":true
         },
         {
            "sPrefabName":"Wood",
            "iAmountMin":5,
            "iAmountMax":10,
            "fChance":1,
            "bOnePerPlayer":false,
            "bLevelMultiplier":true
         },
         {
            "sPrefabName":"Stone",
            "iAmountMin":5,
            "iAmountMax":15,
            "fChance":1,
            "bOnePerPlayer":false,
            "bLevelMultiplier":true
         },
         {
            "sPrefabName":"AncientSeed",
            "iAmountMin":1,
            "iAmountMax":1,
            "fChance":1,
            "bOnePerPlayer":false,
            "bLevelMultiplier":true
         }
      ]
   },
   "Category_Special":{
      "bCanTame":false,
      "bAlwaysTame":false,
      "bCommandableWhenTame":false,
      "bCanProcreateWhenTame":false,
      "bFxNoTame":false,
      "bSfxNoAlert":false,
      "bSfxNoIdle":false,
      "bSfxNoHit":false,
      "bSfxNoDeath":false
   },
   "Category_NpcOnly":null,
   "sConfigFormatVersion":"0.2.0"
}