{
   "sOriginalPrefabName" : "Froot",
   "sNewPrefabName" : "Froot",
   "Category_Appearance" : {
      "vScale" : {
         "fX" : 1,
         "fY" : 0.7,
         "fZ" : 1
      },
      "cTintColor" : null,
      "cTintItems" : null,
      "cBodySmoke" : null,
      "cBodyFlames" : null,
      "sCustomTexture" : null
   },
   "Category_Character" : {
      "sName" : "FRoot",
      "sFaction" : "Boss",
      "bBoss" : false,
      "sBossEvent" : "",
      "sDefeatSetGlobalKey" : "",
      "fMoveSpeedMulti" : 1,
      "bToleratesWater" : true,
      "bToleratesFire" : false,
      "bToleratesSmoke" : true,
      "fHealth" : 80,
      "dDamageTaken" : {
         "m_blunt" : "Normal",
         "m_slash" : "Normal",
         "m_pierce" : "Normal",
         "m_chop" : "Ignore",
         "m_pickaxe" : "Ignore",
         "m_fire" : "Weak",
         "m_frost" : "Resistant",
         "m_lightning" : "Normal",
         "m_poison" : "Immune",
         "m_spirit" : "Normal"
      }
   },
   "Category_Humanoid" : {
      "dtAttackDamageOverride" : null,
      "fAttackDamageTotalOverride" : null,
      "sAttackProjectileOverride" : null,
      "aDefaultItems" : [
         "@1"
      ],
      "aRandomWeapon" : [

      ],
      "aRandomArmor" : [
         
      ],
      "aRandomShield" : [

      ],
      "aaRandomSets" : [
         
      ],
      "aHitEffects" : [
         "sfx_greydwarf_hit",
         "vfx_greydwarf_hit"
      ],
      "aDeathEffects" : [
         "fx_tentaroot_death"
      ],
      "aConsumeItemEffects" : [
         
      ],
      "aAdvancedCustomAttacks" : [
         {
            "sOriginalPrefabName":"tentaroot_attack",
            "sTargetAnim":"attack",
            "fAIAttackInterval":8,
            "bAIPrioritized":true,
            "dtAttackDamageOverride":{
               "fDamage":0,
               "fBlunt":0,
               "fSlash":0,
               "fPierce":20,
               "fChop":0,
               "fPickaxe":0,
               "fFire":0,
               "fFrost":0,
               "fLightning":0,
               "fPoison":30,
               "fSpirit":0
            },
            "fAttackDamageTotalOverride":null,
            "sAttackProjectileOverride":null,
            "aStartEffects":null,
            "aHitEffects":[
               "sfx_GuckSackDestroyed",
               "vfx_beehive_destroyed"
            ],
            "aTriggerEffects":null
         }
      ]
   },
   "Category_BaseAI" : {
      "fViewRange" : 30,
      "fViewAngle" : 90,
      "fHearRange" : 30,
      "aAlertedEffects" : [
         
      ],
      "aIdleEffects" : [
         
      ],
      "fIdleEffectsInterval" : 10,
      "fIdleEffectsChance" : 0.5,
      "sPathAgentType" : "HumanoidNoSwim",
      "fRandomCircleInterval" : 2,
      "fRandomMoveInterval" : 10,
      "fRandomMoveRange" : 10,
      "bRandomFly" : false,
      "fChanceToTakeoff" : 1,
      "fChanceToLand" : 1,
      "fGroundDuration" : 10,
      "fAirDuration" : 10,
      "fMaxLandAltitude" : 5,
      "fFlyAltitudeMin" : 3,
      "fFlyAltitudeMax" : 10,
      "fTakeoffTime" : 5,
      "bAvoidFire" : false,
      "bAfraidOfFire" : false,
      "bAvoidWater" : true,
      "sSpawnMessage" : "",
      "sDeathMessage" : ""
   },
   "Category_MonsterAI" : {
      "fAlertRange" : 20,
      "bFleeIfHurtWhenTargetCantBeReached" : false,
      "bFleeIfNotAlerted" : false,
      "fFleeIfLowHealth" : 0,
      "bCirculateWhileCharging" : false,
      "bCirculateWhileChargingFlying" : false,
      "bEnableHuntPlayer" : false,
      "bAttackPlayerObjects" : true,
      "bAttackPlayerObjectsWhenAlerted" : null,
      "fInterceptTimeMax" : 0,
      "fInterceptTimeMin" : 0,
      "fMaxChaseDistance" : 0,
      "fMinAttackInterval" : 0,
      "fCircleTargetInterval" : 0,
      "fCircleTargetDuration" : 5,
      "fCircleTargetDistance" : 10,
      "bSleeping" : false,
      "bNoiseWakeup" : false,
      "fNoiseRangeScale" : 1,
      "fWakeupRange" : 5,
      "aWakeupEffects" : [
         
      ],
      "bAvoidLand" : false,
      "aConsumeItems" : [
         
      ],
      "fConsumeRange" : 2,
      "fConsumeSearchRange" : 5,
      "fConsumeSearchInterval" : 10,
      "fConsumeHeal" : 0
   },
   "Category_CharacterDrop" : {
      "bReplaceOriginalDrops" : false,
      "drDrops" : [
         {
            "sPrefabName" : "Banana",
            "iAmountMin" : 1,
            "iAmountMax" : 3,
            "fChance" : 1,
            "bOnePerPlayer" : false,
            "bLevelMultiplier" : false
         }
      ]
   },
   "Category_Special" : {
      "bCanTame" : false,
      "bAlwaysTame" : false,
      "bCommandableWhenTame" : false,
      "bCanProcreateWhenTame" : false,
      "bFxNoTame" : false,
      "bSfxNoAlert" : false,
      "bSfxNoIdle" : false,
      "bSfxNoHit" : false,
      "bSfxNoDeath" : false
   },
   "Category_NpcOnly" : null,
   "sConfigFormatVersion" : "0.2.0"
}