{
   "sOriginalPrefabName":"MotherDarkSpider",
   "sNewPrefabName":"MotherDarkSpider",
   "Category_Appearance":{
      "vScale":{
         "fX":2.5,
         "fY":2.5,
         "fZ":2.5
      },
      "cTintColor":null,
      "cTintItems":null,
      "cBodySmoke":null,
      "cBodyFlames":null
   },
   "Category_Character":{
      "sName":"Mother DarkSpider",
      "sFaction":"Boss",
      "bBoss":true,
      "sBossEvent":"SpiderHatchery",
      "sDefeatSetGlobalKey":"killed_motherdarkspider",
      "fMoveSpeedMulti":0.8,
      "bToleratesWater":true,
      "bToleratesFire":false,
      "bToleratesSmoke":false,
      "fHealth":1300,
      "dDamageTaken":{
         "m_blunt":"Normal",
         "m_slash":"Normal",
         "m_pierce":"Normal",
         "m_chop":"Ignore",
         "m_pickaxe":"Ignore",
         "m_fire":"Weak",
         "m_frost":"Normal",
         "m_lightning":"Normal",
         "m_poison":"Immune",
         "m_spirit":"Immune"
      }
   },
   "Category_Humanoid":{
      "dtAttackDamageOverride":null,
      "fAttackDamageTotalOverride":null,
      "sAttackProjectileOverride":null,
      "aDefaultItems":[
         "@1",
         "@2",
         "@3"
      ],
      "aRandomWeapon":[
         
      ],
      "aRandomArmor":[
         
      ],
      "aRandomShield":[
         
      ],
      "aaRandomSets":[
         
      ],
      "aDeathEffects" : [
         "vfx_spider_death",
         "DarkSpider_ragdoll",
         "sfx_spider_death"
      ],
      "aAdvancedCustomAttacks":[
         {
            "sOriginalPrefabName":"troll_groundslam",
            "sTargetAnim":"attack",
            "fAIAttackInterval":8,
            "bAIPrioritized":null,
            "dtAttackDamageOverride":{
               "fDamage":0,
               "fBlunt":40,
               "fSlash":80,
               "fPierce":0,
               "fChop":0,
               "fPickaxe":0,
               "fFire":0,
               "fFrost":0,
               "fLightning":0,
               "fPoison":0,
               "fSpirit":0
            },
            "fAttackDamageTotalOverride":null,
            "sAttackProjectileOverride":null,
            "aStartEffects":[
               "sfx_leech_attack"
            ],
            "aHitEffects":[
               "fx_dragon_land"
            ],
            "aTriggerEffects":null
         },
         {
            "sOriginalPrefabName":"troll_groundslam",
            "sTargetAnim":"attack1",
            "fAIAttackInterval":8,
            "bAIPrioritized":null,
            "dtAttackDamageOverride":{
               "fDamage":0,
               "fBlunt":40,
               "fSlash":80,
               "fPierce":0,
               "fChop":0,
               "fPickaxe":0,
               "fFire":0,
               "fFrost":0,
               "fLightning":0,
               "fPoison":0,
               "fSpirit":0
            },
            "fAttackDamageTotalOverride":null,
            "sAttackProjectileOverride":null,
            "aStartEffects":[
               "sfx_leech_attack"
            ],
            "aHitEffects":[
               "fx_dragon_land"
            ],
            "aTriggerEffects":null
         },
         {
            "sOriginalPrefabName":"Greydwarf_attack",
            "sTargetAnim":"attack2",
            "fAIAttackInterval":18,
            "bAIPrioritized":true,
            "dtAttackDamageOverride":{
               "fDamage":0,
               "fBlunt":0,
               "fSlash":0,
               "fPierce":0,
               "fChop":0,
               "fPickaxe":0,
               "fFire":0,
               "fFrost":0,
               "fLightning":0,
               "fPoison":0,
               "fSpirit":0
            },
            "fAttackDamageTotalOverride":null,
            "sAttackProjectileOverride":null,
            "aStartEffects":[
               "sfx_leech_attack"
            ],
            "aHitEffects":null,
            "aTriggerEffects":[
               "oozebomb_explosion"
            ]
         }
      ]
   },
   "Category_BaseAI":{
      "fViewRange":30,
      "fViewAngle":180,
      "fHearRange":9999,
      "sPathAgentType":"HorseSize",
      "fRandomCircleInterval":5,
      "fRandomMoveInterval":5,
      "fRandomMoveRange":10,
      "bAvoidFire":true,
      "bAfraidOfFire":false,
      "bAvoidWater":true,
      "sSpawnMessage":"",
      "sDeathMessage":""
   },
   "Category_MonsterAI":{
      "fAlertRange":30,
      "bFleeIfHurtWhenTargetCantBeReached":true,
      "bFleeIfNotAlerted":false,
      "fFleeIfLowHealth":0.20,
      "bCirculateWhileCharging":false,
      "bCirculateWhileChargingFlying":false,
      "bEnableHuntPlayer":false,
      "bAttackPlayerObjects":true,
      "bAttackPlayerObjectsWhenAlerted":true,
      "fInterceptTimeMax":2,
      "fInterceptTimeMin":0,
      "fMaxChaseDistance":0,
      "fMinAttackInterval":0,
      "fCircleTargetInterval":0,
      "fCircleTargetDuration":2,
      "fCircleTargetDistance":5,
      "aConsumeItems":[
         
      ],
      "fConsumeRange":2,
      "fConsumeSearchRange":5,
      "fConsumeSearchInterval":10,
      "fConsumeHeal":0
   },
   "Category_CharacterDrop":{
      "bReplaceOriginalDrops":true,
      "drDrops":[
         {
            "sPrefabName":"Ooze",
            "iAmountMin":2,
            "iAmountMax":4,
            "fChance":1,
            "bOnePerPlayer":false,
            "bLevelMultiplier":true
         },
         {
            "sPrefabName":"SpiderSilk",
            "iAmountMin":2,
            "iAmountMax":4,
            "fChance":1,
            "bOnePerPlayer":false,
            "bLevelMultiplier":true
         }
      ]
   },
   "Category_Special":{
      "bCanTame":false,
      "bAlwaysTame":false,
      "bCommandableWhenTame":false,
      "bCanProcreateWhenTame":false,
      "bFxNoTame":false,
      "bSfxNoAlert":false,
      "bSfxNoIdle":false,
      "bSfxNoHit":false,
      "bSfxNoDeath":false
   },
   "Category_NpcOnly":null,
   "sConfigFormatVersion":"0.2.0"
}