{
   "sOriginalPrefabName" : "Greydwarf_Purple_Shroom",
   "sNewPrefabName" : "SwedishChef",
   "Category_Appearance" : {
      "vScale" : {
         "fX" : 1,
         "fY" : 1,
         "fZ" : 1
      },
      "cTintColor" : null,
      "cTintItems" : null,
      "cBodySmoke" : null,
      "cBodyFlames" : null,
      "sCustomTexture" : null
   },
   "Category_Character" : {
      "sName" : "Swedish Chef",
      "sFaction" : "ForestMonsters",
      "bBoss" : false,
      "sBossEvent" : "",
      "sDefeatSetGlobalKey" : "",
      "fMoveSpeedMulti" : 1,
      "bToleratesWater" : true,
      "bToleratesFire" : false,
      "bToleratesSmoke" : true,
      "fHealth" : 40,
      "dDamageTaken" : {
         "m_blunt" : "Normal",
         "m_slash" : "Normal",
         "m_pierce" : "Normal",
         "m_chop" : "Ignore",
         "m_pickaxe" : "Ignore",
         "m_fire" : "VeryWeak",
         "m_frost" : "Normal",
         "m_lightning" : "Normal",
         "m_poison" : "Resistant",
         "m_spirit" : "Immune"
      }
   },
   "Category_Humanoid" : {
      "dtAttackDamageOverride" : null,
      "fAttackDamageTotalOverride" : null,
      "sAttackProjectileOverride" : null,
      "aDefaultItems" : [
         "Greydwarf_attack",
         "Greydwarf_throw"
      ],
      "aRandomWeapon" : [
         
      ],
      "aRandomArmor" : [
         
      ],
      "aRandomShield" : [
         
      ],
      "aaRandomSets" : [
         
      ],
      "aAdvancedCustomAttacks" : null
   },
   "Category_BaseAI" : {
      "fViewRange" : 30,
      "fViewAngle" : 90,
      "fHearRange" : 9999,
      "sPathAgentType" : "Humanoid",
      "fRandomCircleInterval" : 2,
      "fRandomMoveInterval" : 20,
      "fRandomMoveRange" : 10,
      "bAvoidFire" : true,
      "bAfraidOfFire" : false,
      "bAvoidWater" : true,
      "sSpawnMessage" : "",
      "sDeathMessage" : ""
   },
   "Category_MonsterAI" : {
      "fAlertRange" : 20,
      "bFleeIfHurtWhenTargetCantBeReached" : true,
      "bFleeIfNotAlerted" : false,
      "fFleeIfLowHealth" : 0,
      "bCirculateWhileCharging" : false,
      "bCirculateWhileChargingFlying" : false,
      "bEnableHuntPlayer" : false,
      "bAttackPlayerObjects" : true,
      "bAttackPlayerObjectsWhenAlerted" : true,
      "fInterceptTimeMax" : 2,
      "fInterceptTimeMin" : 0,
      "fMaxChaseDistance" : 0,
      "fMinAttackInterval" : 0,
      "fCircleTargetInterval" : 0,
      "fCircleTargetDuration" : 2,
      "fCircleTargetDistance" : 4,
      "aConsumeItems" : [
         "Resin",
         "PineCone",
         "FirCone"
      ],
      "fConsumeRange" : 2,
      "fConsumeSearchRange" : 5,
      "fConsumeSearchInterval" : 10,
      "fConsumeHeal" : 0
   },
   "Category_CharacterDrop" : {
      "bReplaceOriginalDrops" : true,
      "drDrops" : [
         {
            "sPrefabName" : "GreydwarfEye",
            "iAmountMin" : 1,
            "iAmountMax" : 1,
            "fChance" : 0.5,
            "bOnePerPlayer" : false,
            "bLevelMultiplier" : true
         },
         {
            "sPrefabName" : "Stone",
            "iAmountMin" : 1,
            "iAmountMax" : 1,
            "fChance" : 0.5,
            "bOnePerPlayer" : false,
            "bLevelMultiplier" : true
         },
         {
            "sPrefabName" : "Wood",
            "iAmountMin" : 1,
            "iAmountMax" : 1,
            "fChance" : 0.5,
            "bOnePerPlayer" : false,
            "bLevelMultiplier" : true
         },
         {
            "sPrefabName" : "Resin",
            "iAmountMin" : 1,
            "iAmountMax" : 1,
            "fChance" : 0.5,
            "bOnePerPlayer" : false,
            "bLevelMultiplier" : true
         },
         {
            "sPrefabName" : "MushroomBlue",
            "iAmountMin" : 1,
            "iAmountMax" : 1,
            "fChance" : 1,
            "bOnePerPlayer" : false,
            "bLevelMultiplier" : false
         }
      ]
   },
   "Category_Special" : {
      "bCanTame" : true,
      "bAlwaysTame" : false,
      "bCommandableWhenTame" : true,
      "bCanProcreateWhenTame" : false,
      "bFxNoTame" : false,
      "bSfxNoAlert" : false,
      "bSfxNoIdle" : false,
      "bSfxNoHit" : false,
      "bSfxNoDeath" : false
   },
   "Category_NpcOnly" : null,
   "sConfigFormatVersion" : "0.2.0"
}