{
   "sOriginalPrefabName" : "GhostWarrior",
   "sNewPrefabName" : "GhostWarrior",
   "Category_Appearance" : {
      "vScale" : {
         "fX" : 1,
         "fY" : 1,
         "fZ" : 1
      },
      "cTintColor" : null,
      "cTintItems" : null,
      "cBodySmoke" : null,
      "cBodyFlames" : null
   },
   "Category_Character" : {
      "sName" : "Ghost Warrior",
      "sFaction" : "Undead",
      "bBoss" : false,
      "sBossEvent" : "",
      "sDefeatSetGlobalKey" : "",
      "fMoveSpeedMulti" : 1,
      "bToleratesWater" : true,
      "bToleratesFire" : false,
      "bToleratesSmoke" : true,
      "fHealth" : 275,
      "dDamageTaken" : {
         "m_blunt" : "Resistant",
         "m_slash" : "Resistant",
         "m_pierce" : "Resistant",
         "m_chop" : "Ignore",
         "m_pickaxe" : "Ignore",
         "m_fire" : "Weak",
         "m_frost" : "Weak",
         "m_lightning" : "Weak",
         "m_poison" : "Immune",
         "m_spirit" : "Weak"
      }
   },
   "Category_Humanoid" : {
      "dtAttackDamageOverride" : {
         "fDamage" : 0,
         "fBlunt" : 0,
         "fSlash" : 30,
         "fPierce" : 0,
         "fChop" : 0,
         "fPickaxe" : 0,
         "fFire" : 0,
         "fFrost" : 60,
         "fLightning" : 0,
         "fPoison" : 0,
         "fSpirit" : 0
      },
      "fAttackDamageTotalOverride" : null,
      "sAttackProjectileOverride" : null,
      "aDefaultItems" : [
		"SkeletonSwordSilver@swing_longsword0",
		"SkeletonSwordSilver@swing_longsword1",
		"SkeletonSwordSilver@swing_longsword2",
		"SkeletonSwordSilverSmite"          
      ],
      "aRandomWeapon" : [
         
      ],
      "aRandomArmor" : [
         "ArmorIronLegs",
         "ArmorIronChest",
         "HelmetIron",
         "CapeWolf"         
      ],
      "aRandomShield" : [
         "ShieldBronzeBuckler"         
      ],
      "aaRandomSets" : [
         
      ]
   },
   "Category_BaseAI" : {
      "fViewRange" : 30,
      "fViewAngle" : 90,
      "fHearRange" : 9999,
      "sPathAgentType" : "HumanoidAvoidWater",
      "fRandomCircleInterval" : 2,
      "fRandomMoveInterval" : 20,
      "fRandomMoveRange" : 10,
      "bAvoidFire" : false,
      "bAfraidOfFire" : false,
      "bAvoidWater" : true,
      "sSpawnMessage" : "",
      "sDeathMessage" : ""
   },
   "Category_MonsterAI" : {
      "fAlertRange" : 20,
      "bFleeIfHurtWhenTargetCantBeReached" : true,
      "bFleeIfNotAlerted" : false,
      "fFleeIfLowHealth" : 0,
      "bCirculateWhileCharging" : false,
      "bCirculateWhileChargingFlying" : false,
      "bEnableHuntPlayer" : false,
      "bAttackPlayerObjects" : true,
      "bAttackPlayerObjectsWhenAlerted" : true,
      "fInterceptTimeMax" : 2,
      "fInterceptTimeMin" : 0,
      "fMaxChaseDistance" : 0,
      "fMinAttackInterval" : 0,
      "fCircleTargetInterval" : 0,
      "fCircleTargetDuration" : 2,
      "fCircleTargetDistance" : 4,
      "aConsumeItems" : [
         
      ],
      "fConsumeRange" : 2,
      "fConsumeSearchRange" : 5,
      "fConsumeSearchInterval" : 10,
      "fConsumeHeal" : 0
   },
   "Category_CharacterDrop" : {
      "bReplaceOriginalDrops" : true,
      "drDrops" : [
         {
            "sPrefabName" : "SwordBronze",
            "iAmountMin" : 1,
            "iAmountMax" : 1,
            "fChance" : 0.5,
            "bOnePerPlayer" : false,
            "bLevelMultiplier" : false
         },
         {
            "sPrefabName" : "ShieldBronzeBuckler",
            "iAmountMin" : 1,
            "iAmountMax" : 1,
            "fChance" : 0.5,
            "bOnePerPlayer" : false,
            "bLevelMultiplier" : false
         }
      ]
   },
   "Category_Special" : {
      "bCanTame" : false,
      "bAlwaysTame" : false,
      "bCommandableWhenTame" : false,
      "bCanProcreateWhenTame" : false,
      "bFxNoTame" : false,
      "bSfxNoAlert" : false,
      "bSfxNoIdle" : false,
      "bSfxNoHit" : false,
      "bSfxNoDeath" : false
   },
   "Category_NpcOnly" : null,
   "sConfigFormatVersion" : "0.2.0"
}