{
   "sOriginalPrefabName":"Ghost",
   "sNewPrefabName":"AngrySpirit",
   "Category_Appearance":{
      "vScale":{
         "fX":0.6,
         "fY":0.6,
         "fZ":0.6
      },
      "cTintColor":{
         "fRed":1.5,
         "fGreen":0,
         "fBlue":0
      },
      "cTintItems":{
         "fRed":1.5,
         "fGreen":0,
         "fBlue":0
      },
      "cBodySmoke":{
         "fRed":1.5,
         "fGreen":0,
         "fBlue":0
      },
      "cBodyFlames":{
         "fRed":1.5,
         "fGreen":0,
         "fBlue":0
      },
      "sCustomTexture":null
   },
   "Category_Character":{
      "sName":"Boreal Spirit",
      "sFaction":"Boss",
      "bBoss":false,
      "sBossEvent":"",
      "sDefeatSetGlobalKey":"",
      "fMoveSpeedMulti":1.5,
      "bToleratesWater":true,
      "bToleratesFire":false,
      "bToleratesSmoke":true,
      "fHealth":55,
      "dDamageTaken":{
         "m_blunt":"Immune",
         "m_slash":"Immune",
         "m_pierce":"Immune",
         "m_chop":"Ignore",
         "m_pickaxe":"Ignore",
         "m_fire":"Immune",
         "m_frost":"Immune",
         "m_lightning":"Immune",
         "m_poison":"Immune",
         "m_spirit":"Weak"
      }
   },
   "Category_Humanoid":{
      "dtAttackDamageOverride":null,
      "fAttackDamageTotalOverride":null,
      "sAttackProjectileOverride":null,
      "aDefaultItems":[
         "@1"
      ],
      "aRandomWeapon":[
         
      ],
      "aRandomArmor":[
         
      ],
      "aRandomShield":[
         
      ],
      "aaRandomSets":[
         
      ],
      "aAdvancedCustomAttacks":[
         {
            "sOriginalPrefabName":"Ghost_attack",
            "sTargetAnim":"punch",
            "fAIAttackInterval":3,
            "bAIPrioritized":true,
            "dtAttackDamageOverride":{
               "fDamage":0,
               "fBlunt":0,
               "fSlash":0,
               "fPierce":0,
               "fChop":0,
               "fPickaxe":0,
               "fFire":0,
               "fFrost":0,
               "fLightning":60,
               "fPoison":0,
               "fSpirit":0
            },
            "fAttackDamageTotalOverride":null,
            "sAttackProjectileOverride":null,
            "aStartEffects":null,
            "aHitEffects":null,
            "aTriggerEffects":null
         }
      ]
   },
   "Category_BaseAI":{
      "fViewRange":30,
      "fViewAngle":180,
      "fHearRange":30,
      "sPathAgentType":"HumanoidNoSwim",
      "fRandomCircleInterval":2,
      "fRandomMoveInterval":60,
      "fRandomMoveRange":10,
      "bAvoidFire":false,
      "bAfraidOfFire":false,
      "bAvoidWater":true,
      "sSpawnMessage":"",
      "sDeathMessage":""
   },
   "Category_MonsterAI":{
      "fAlertRange":20,
      "bFleeIfHurtWhenTargetCantBeReached":false,
      "bFleeIfNotAlerted":false,
      "fFleeIfLowHealth":0,
      "bCirculateWhileCharging":true,
      "bCirculateWhileChargingFlying":true,
      "bEnableHuntPlayer":false,
      "bAttackPlayerObjects":false,
      "bAttackPlayerObjectsWhenAlerted":false,
      "fInterceptTimeMax":0,
      "fInterceptTimeMin":0,
      "fMaxChaseDistance":0,
      "fMinAttackInterval":0,
      "fCircleTargetInterval":0,
      "fCircleTargetDuration":5,
      "fCircleTargetDistance":10,
      "aConsumeItems":[
         
      ],
      "fConsumeRange":2,
      "fConsumeSearchRange":5,
      "fConsumeSearchInterval":10,
      "fConsumeHeal":0
   },
   "Category_CharacterDrop":{
      "bReplaceOriginalDrops":true,
      "drDrops":[
         {
            "sPrefabName" : "YmirsSoulEssence",
            "iAmountMin" : 1,
            "iAmountMax" : 1,
            "fChance" : 0.5,
            "bOnePerPlayer" : false,
            "bLevelMultiplier" : false
         }
      ]
   },
   "Category_Special":{
      "bCanTame":false,
      "bAlwaysTame":false,
      "bCommandableWhenTame":false,
      "bCanProcreateWhenTame":false,
      "bFxNoTame":false,
      "bSfxNoAlert":false,
      "bSfxNoIdle":false,
      "bSfxNoHit":false,
      "bSfxNoDeath":false
   },
   "Category_NpcOnly":null,
   "sConfigFormatVersion":"0.2.0"
}