{
   "sOriginalPrefabName":"Jotunn_mm",
   "sNewPrefabName":"Jotunn",
   "Category_Appearance":{
      "vScale":{
         "fX":1.5,
         "fY":3,
         "fZ":2
      },
      "cTintColor":null,
      "cTintItems":null,
      "cBodySmoke":null,
      "cBodyFlames":null
   },
   "Category_Character":{
      "sName":"Jotunn",
      "sFaction":"Boss",
      "bBoss":true,
      "sBossEvent":"",
      "sDefeatSetGlobalKey":"",
      "fMoveSpeedMulti":1.2,
      "bToleratesWater":true,
      "bToleratesFire":false,
      "bToleratesSmoke":false,
      "fHealth":12000,
      "dDamageTaken":{
         "m_blunt":"Resistant",
         "m_slash":"Resistant",
         "m_pierce":"VeryResistant",
         "m_chop":"Ignore",
         "m_pickaxe":"Ignore",
         "m_fire":"Weak",
         "m_frost":"Immune",
         "m_lightning":"Resistant",
         "m_poison":"VeryResistant",
         "m_spirit":"Immune"
      }
   },
   "Category_Humanoid":{
      "dtAttackDamageOverride":null,
      "fAttackDamageTotalOverride":null,
      "sAttackProjectileOverride":null,
      "aDefaultItems":[
         "@1",
         "@2",
         "@3"
      ],
      "aRandomWeapon":[
         
      ],
      "aRandomArmor":[
         
      ],
      "aRandomShield":[
         
      ],
      "aaRandomSets":[
         
      ],
      "aDeathEffects" : [
         "vfx_troll_death",
         "Jotunn_ragdoll_mm",
         "sfx_troll_death"
      ],
      "aAdvancedCustomAttacks":[
         {
            "sOriginalPrefabName":"troll_groundslam",
            "sTargetAnim":"punch",
            "fAIAttackInterval":5,
            "bAIPrioritized":true,
            "dtAttackDamageOverride":{
               "fDamage":0,
               "fBlunt":240,
               "fSlash":0,
               "fPierce":0,
               "fChop":150,
               "fPickaxe":150,
               "fFire":0,
               "fFrost":0,
               "fLightning":0,
               "fPoison":0,
               "fSpirit":0
            },
            "fAttackDamageTotalOverride":null,
            "sAttackProjectileOverride":null,
            "aStartEffects":[
               "sfx_goblinking_taunt"
            ],
            "aHitEffects":[
               "fx_dragon_land",
               "vfx_player_death",
               "vfx_ice_destroyed"
            ],
            "aTriggerEffects":null
         },
         {
            "sOriginalPrefabName":"troll_groundslam",
            "sTargetAnim":"attack",
            "fAIAttackInterval":12,
            "bAIPrioritized":null,
            "dtAttackDamageOverride":{
               "fDamage":0,
               "fBlunt":280,
               "fSlash":0,
               "fPierce":0,
               "fChop":150,
               "fPickaxe":150,
               "fFire":0,
               "fFrost":0,
               "fLightning":0,
               "fPoison":0,
               "fSpirit":0
            },
            "fAttackDamageTotalOverride":null,
            "sAttackProjectileOverride":null,
            "aStartEffects":[
               "fx_leviathan_leave"
            ],
            "aHitEffects":[
               "fx_dragon_land",
               "vfx_player_death",
               "vfx_ice_destroyed"
            ],
            "aTriggerEffects":null
         },
         {
            "sOriginalPrefabName":"gd_king_shoot",
            "sTargetAnim":"throw",
            "fAIAttackInterval":10,
            "bAIPrioritized":null,
            "dtAttackDamageOverride":{
               "fDamage":0,
               "fBlunt":140,
               "fSlash":0,
               "fPierce":0,
               "fChop":150,
               "fPickaxe":150,
               "fFire":0,
               "fFrost":0,
               "fLightning":0,
               "fPoison":0,
               "fSpirit":0
            },
            "fAttackDamageTotalOverride":null,
            "sAttackProjectileOverride":"troll_throw_projectile",
            "aStartEffects":[
               "sfx_Bonemass_idle"
            ],
            "aHitEffects":null,
            "aTriggerEffects":null
         }
      ]
   },
   "Category_BaseAI":{
      "fViewRange":30,
      "fViewAngle":90,
      "fHearRange":9999,
      "sPathAgentType":"HugeSize",
      "fRandomCircleInterval":2,
      "fRandomMoveInterval":30,
      "fRandomMoveRange":10,
      "bAvoidFire":false,
      "bAfraidOfFire":false,
      "bAvoidWater":true,
      "sSpawnMessage":"",
      "sDeathMessage":""
   },
   "Category_MonsterAI":{
      "fAlertRange":20,
      "bFleeIfHurtWhenTargetCantBeReached":true,
      "bFleeIfNotAlerted":false,
      "fFleeIfLowHealth":0.2,
      "bCirculateWhileCharging":false,
      "bCirculateWhileChargingFlying":false,
      "bEnableHuntPlayer":false,
      "bAttackPlayerObjects":true,
      "bAttackPlayerObjectsWhenAlerted":true,
      "fInterceptTimeMax":2,
      "fInterceptTimeMin":1,
      "fMaxChaseDistance":750,
      "fMinAttackInterval":0,
      "fCircleTargetInterval":0,
      "fCircleTargetDuration":5,
      "fCircleTargetDistance":10,
      "aConsumeItems":[
         
      ],
      "fConsumeRange":2,
      "fConsumeSearchRange":5,
      "fConsumeSearchInterval":10,
      "fConsumeHeal":0
   },
   "Category_CharacterDrop":{
      "bReplaceOriginalDrops":true,
      "drDrops":[
         {
            "sPrefabName":"PrimordialIce",
            "iAmountMin":10,
            "iAmountMax":15,
            "fChance":1,
            "bOnePerPlayer":false,
            "bLevelMultiplier":false
         },
         {
            "sPrefabName":"JotunnBone",
            "iAmountMin":4,
            "iAmountMax":4,
            "fChance":1,
            "bOnePerPlayer":false,
            "bLevelMultiplier":false
         },
         {
            "sPrefabName":"JotunnTrophy",
            "iAmountMin":1,
            "iAmountMax":1,
            "fChance":1,
            "bOnePerPlayer":false,
            "bLevelMultiplier":false
         }
      ]
   },
   "Category_Special":{
      "bCanTame":false,
      "bAlwaysTame":false,
      "bCommandableWhenTame":false,
      "bCanProcreateWhenTame":false,
      "bFxNoTame":false,
      "bSfxNoAlert":false,
      "bSfxNoIdle":false,
      "bSfxNoHit":false,
      "bSfxNoDeath":false
   },
   "Category_NpcOnly":null,
   "sConfigFormatVersion":"0.2.0"
}