{
   "sOriginalPrefabName":"RRR_NPC",
   "sNewPrefabName":"Dvergr",
   "Category_Appearance":{
      "vScale":{
         "fX":1.1,
         "fY":0.8,
         "fZ":1.1
      },
      "cTintColor":null,
      "cTintItems":null,
      "cBodySmoke":null,
      "cBodyFlames":null,
      "sCustomTexture":null
   },
   "Category_Character":{
      "sName":"Dvergr",
      "sFaction":"Players",
      "bBoss":false,
      "sBossEvent":"",
      "sDefeatSetGlobalKey":"",
      "fMoveSpeedMulti":1.2,
      "bToleratesWater":true,
      "bToleratesFire":false,
      "bToleratesSmoke":false,
      "fHealth":280,
      "dDamageTaken":{
         "m_blunt":"Normal",
         "m_slash":"Normal",
         "m_pierce":"Normal",
         "m_chop":"Immune",
         "m_pickaxe":"Immune",
         "m_fire":"Normal",
         "m_frost":"Resistant",
         "m_lightning":"Normal",
         "m_poison":"Normal",
         "m_spirit":"Immune"
      }
   },
   "Category_Humanoid":{
      "dtAttackDamageOverride":null,
      "fAttackDamageTotalOverride":null,
      "sAttackProjectileOverride":null,
      "aDefaultItems":[
         
      ],
      "aRandomWeapon":[
         
      ],
      "aRandomArmor":[
         
      ],
      "aRandomShield":[
         
      ],
      "aaRandomSets":[
         {
            "aSetItems":[
               "@1",
               "@2",
               "@3",
               "ArmorWolfLegs",
               "ArmorIronChest",
               "CapeLox"
            ]
         },
         {
            "aSetItems":[
               "@4",
               "@5",
               "@9",
               "ArmorWolfLegs",
               "ArmorIronChest",
               "ShieldBanded",
               "CapeLox"
            ]
         },
         {
            "aSetItems":[
               "@4",
               "@5",
               "@9",
               "ArmorWolfLegs",
               "ArmorIronChest",
               "HelmetIron",
               "ShieldBanded",
               "CapeLox"
            ]
         },
         {
            "aSetItems":[
               "@6",
               "@7",
               "@9",
               "ArmorWolfLegs",
               "ArmorIronChest",
               "ShieldBanded",
               "CapeLox"
            ]
         },
         {
            "aSetItems":[
               "@8",
               "@9",
               "@10",
               "@11",
               "ArmorWolfLegs",
               "CapeLox",
               "BeltStrength"
            ]
         }
      ],
      "aAdvancedCustomAttacks":[
         {
            "sOriginalPrefabName":"SledgeIron",
            "sTargetAnim":"battleaxe_attack0",
            "fAIAttackInterval":4,
            "bAIPrioritized":true,
            "dtAttackDamageOverride":{
               "fDamage":0,
               "fBlunt":140,
               "fSlash":0,
               "fPierce":0,
               "fChop":0,
               "fPickaxe":0,
               "fFire":0,
               "fFrost":0,
               "fLightning":0,
               "fPoison":0,
               "fSpirit":0
            },
            "fAttackDamageTotalOverride":null,
            "sAttackProjectileOverride":null,
            "aStartEffects":null,
            "aHitEffects":null,
            "aTriggerEffects":null
         },
         {
            "sOriginalPrefabName":"SledgeIron",
            "sTargetAnim":"battleaxe_attack1",
            "fAIAttackInterval":6,
            "bAIPrioritized":null,
            "dtAttackDamageOverride":{
               "fDamage":0,
               "fBlunt":140,
               "fSlash":0,
               "fPierce":0,
               "fChop":0,
               "fPickaxe":0,
               "fFire":0,
               "fFrost":0,
               "fLightning":0,
               "fPoison":0,
               "fSpirit":0
            },
            "fAttackDamageTotalOverride":null,
            "sAttackProjectileOverride":null,
            "aStartEffects":null,
            "aHitEffects":null,
            "aTriggerEffects":null
         },
         {
            "sOriginalPrefabName":"SledgeIron",
            "sTargetAnim":"knife_secondary",
            "fAIAttackInterval":24,
            "bAIPrioritized":null,
            "dtAttackDamageOverride":{
               "fDamage":0,
               "fBlunt":140,
               "fSlash":0,
               "fPierce":0,
               "fChop":0,
               "fPickaxe":0,
               "fFire":0,
               "fFrost":0,
               "fLightning":0,
               "fPoison":0,
               "fSpirit":0
            },
            "fAttackDamageTotalOverride":null,
            "sAttackProjectileOverride":null,
            "aStartEffects":null,
            "aHitEffects":null,
            "aTriggerEffects":null
         },
         {
            "sOriginalPrefabName":"AxeIron",
            "sTargetAnim":"swing_axe",
            "fAIAttackInterval":3,
            "bAIPrioritized":true,
            "dtAttackDamageOverride":{
               "fDamage":0,
               "fBlunt":0,
               "fSlash":100,
               "fPierce":0,
               "fChop":0,
               "fPickaxe":0,
               "fFire":0,
               "fFrost":0,
               "fLightning":0,
               "fPoison":0,
               "fSpirit":40
            },
            "fAttackDamageTotalOverride":null,
            "sAttackProjectileOverride":null,
            "aStartEffects":null,
            "aHitEffects":null,
            "aTriggerEffects":null
         },
         {
            "sOriginalPrefabName":"AxeIron",
            "sTargetAnim":"knife_stab",
            "fAIAttackInterval":4,
            "bAIPrioritized":null,
            "dtAttackDamageOverride":{
               "fDamage":0,
               "fBlunt":0,
               "fSlash":100,
               "fPierce":0,
               "fChop":0,
               "fPickaxe":0,
               "fFire":0,
               "fFrost":0,
               "fLightning":0,
               "fPoison":0,
               "fSpirit":40
            },
            "fAttackDamageTotalOverride":null,
            "sAttackProjectileOverride":null,
            "aStartEffects":null,
            "aHitEffects":null,
            "aTriggerEffects":null
         },
         {
            "sOriginalPrefabName":"SwordIronFire",
            "sTargetAnim":"swing_axe",
            "fAIAttackInterval":3,
            "bAIPrioritized":true,
            "dtAttackDamageOverride":{
               "fDamage":0,
               "fBlunt":0,
               "fSlash":100,
               "fPierce":0,
               "fChop":0,
               "fPickaxe":0,
               "fFire":40,
               "fFrost":0,
               "fLightning":0,
               "fPoison":0,
               "fSpirit":0
            },
            "fAttackDamageTotalOverride":null,
            "sAttackProjectileOverride":null,
            "aStartEffects":null,
            "aHitEffects":null,
            "aTriggerEffects":null
         },
         {
            "sOriginalPrefabName":"SwordIronFire",
            "sTargetAnim":"knife_stab",
            "fAIAttackInterval":4,
            "bAIPrioritized":null,
            "dtAttackDamageOverride":{
               "fDamage":0,
               "fBlunt":0,
               "fSlash":100,
               "fPierce":0,
               "fChop":0,
               "fPickaxe":0,
               "fFire":40,
               "fFrost":0,
               "fLightning":0,
               "fPoison":0,
               "fSpirit":0
            },
            "fAttackDamageTotalOverride":null,
            "sAttackProjectileOverride":null,
            "aStartEffects":[
               "sfx_unarmed_swing"
            ],
            "aHitEffects":[
               "vfx_clubhit",
               "sfx_unarmed_hit"
            ],
            "aTriggerEffects":null
         },
         {
            "sOriginalPrefabName":"Greydwarf_attack",
            "sTargetAnim":"unarmed_attack",
            "fAIAttackInterval":3,
            "bAIPrioritized":true,
            "dtAttackDamageOverride":{
               "fDamage":0,
               "fBlunt":80,
               "fSlash":0,
               "fPierce":0,
               "fChop":0,
               "fPickaxe":0,
               "fFire":0,
               "fFrost":0,
               "fLightning":0,
               "fPoison":0,
               "fSpirit":0
            },
            "fAttackDamageTotalOverride":null,
            "sAttackProjectileOverride":null,
            "aStartEffects":null,
            "aHitEffects":null,
            "aTriggerEffects":null
         },
         {
            "sOriginalPrefabName":"Greydwarf_attack",
            "sTargetAnim":"unarmed_kick",
            "fAIAttackInterval":6,
            "bAIPrioritized":null,
            "dtAttackDamageOverride":{
               "fDamage":0,
               "fBlunt":80,
               "fSlash":0,
               "fPierce":0,
               "fChop":0,
               "fPickaxe":0,
               "fFire":0,
               "fFrost":0,
               "fLightning":0,
               "fPoison":0,
               "fSpirit":0
            },
            "fAttackDamageTotalOverride":null,
            "sAttackProjectileOverride":null,
            "aStartEffects":[
               "sfx_unarmed_swing"
            ],
            "aHitEffects":[
               "vfx_clubhit",
               "sfx_unarmed_hit"
            ],
            "aTriggerEffects":null
         },
         {
            "sOriginalPrefabName":"Eikthyr_charge",
            "sTargetAnim":"sword_secondary",
            "fAIAttackInterval":12,
            "bAIPrioritized":true,
            "dtAttackDamageOverride":{
               "fDamage":0,
               "fBlunt":40,
               "fSlash":0,
               "fPierce":0,
               "fChop":0,
               "fPickaxe":0,
               "fFire":0,
               "fFrost":0,
               "fLightning":100,
               "fPoison":0,
               "fSpirit":0
            },
            "fAttackDamageTotalOverride":null,
            "sAttackProjectileOverride":null,
            "aStartEffects":null,
            "aHitEffects":null,
            "aTriggerEffects":null
         },
         {
            "sOriginalPrefabName":"Eikthyr_stomp",
            "sTargetAnim":"knife_secondary",
            "fAIAttackInterval":26,
            "bAIPrioritized":null,
            "dtAttackDamageOverride":{
               "fDamage":0,
               "fBlunt":80,
               "fSlash":0,
               "fPierce":0,
               "fChop":0,
               "fPickaxe":0,
               "fFire":0,
               "fFrost":0,
               "fLightning":100,
               "fPoison":0,
               "fSpirit":0
            },
            "fAttackDamageTotalOverride":null,
            "sAttackProjectileOverride":null,
            "aStartEffects":null,
            "aHitEffects":null,
            "aTriggerEffects":null
         }
      ]
   },
   "Category_BaseAI":{
      "fViewRange":30,
      "fViewAngle":90,
      "fHearRange":9999,
      "sPathAgentType":"Humanoid",
      "fRandomCircleInterval":2,
      "fRandomMoveInterval":20,
      "fRandomMoveRange":10,
      "bAvoidFire":false,
      "bAfraidOfFire":false,
      "bAvoidWater":true,
      "sSpawnMessage":"",
      "sDeathMessage":""
   },
   "Category_MonsterAI":{
      "fAlertRange":20,
      "bFleeIfHurtWhenTargetCantBeReached":true,
      "bFleeIfNotAlerted":false,
      "fFleeIfLowHealth":0.25,
      "bCirculateWhileCharging":true,
      "bCirculateWhileChargingFlying":false,
      "bEnableHuntPlayer":false,
      "bAttackPlayerObjects":false,
      "bAttackPlayerObjectsWhenAlerted":false,
      "fInterceptTimeMax":2,
      "fInterceptTimeMin":0,
      "fMaxChaseDistance":300,
      "fMinAttackInterval":0,
      "fCircleTargetInterval":10,
      "fCircleTargetDuration":3,
      "fCircleTargetDistance":5,
      "aConsumeItems":[
         "NeckTailGrilled"
      ],
      "fConsumeRange":2,
      "fConsumeSearchRange":5,
      "fConsumeSearchInterval":10,
      "fConsumeHeal":0
   },
   "Category_CharacterDrop":{
      "bReplaceOriginalDrops":true,
      "drDrops":[
         
      ]
   },
   "Category_Special":{
      "bCanTame":false,
      "bAlwaysTame":true,
      "bCommandableWhenTame":true,
      "bCanProcreateWhenTame":false,
      "bSfxNoAlert":true,
      "bSfxNoIdle":true,
      "bSfxNoHit":true,
      "bSfxNoDeath":true,
      "bFxNoTame":true
   },
   "Category_NpcOnly":{
      "bIsFemale":false,
      "bNoBeardIfFemale":true,
      "bRandomGender":true,
      "aBeardIds":[
         "Beard1",
         "Beard2",
         "Beard5",
         "Beard6"
      ],
      "aHairIds":[
         "Hair3",
         "Hair6",
         "Hair9",
         "Hair13"
      ],
      "cSkinColorMin":{
         "fRed":0.0,
         "fGreen":2.04,
         "fBlue":2.04
      },
      "cSkinColorMax":{
         "fRed":0.0,
         "fGreen":1.53,
         "fBlue":1.53
      },
      "cHairColorMin":{
         "fRed":2.55,
         "fGreen":1.53,
         "fBlue":0.51
      },
      "cHairColorMax":{
         "fRed":2.55,
         "fGreen":1.43,
         "fBlue":0.51
      },
      "fHairValueMin":0.7,
      "fHairValueMax":0.9
   },
   "sConfigFormatVersion":"0.2.0"
}