{
   "sOriginalPrefabName":"Ghost",
   "sNewPrefabName":"CalmSpirit",
   "Category_Appearance":{
      "vScale":{
         "fX":0.6,
         "fY":0.6,
         "fZ":0.6
      },
      "cTintColor":{
         "fRed":0,
         "fGreen":1,
         "fBlue":1.25
      },
      "cTintItems":null,
      "cBodySmoke":{
         "fRed":0,
         "fGreen":1,
         "fBlue":1.25
      },
      "cBodyFlames":null,
      "sCustomTexture":null
   },
   "Category_Character":{
      "sName":"Boreal Spirit",
      "sFaction":"Boss",
      "bBoss":false,
      "sBossEvent":"",
      "sDefeatSetGlobalKey":"",
      "fMoveSpeedMulti":1.5,
      "bToleratesWater":true,
      "bToleratesFire":false,
      "bToleratesSmoke":true,
      "fHealth":55,
      "dDamageTaken":{
         "m_blunt":"Immune",
         "m_slash":"Immune",
         "m_pierce":"Immune",
         "m_chop":"Ignore",
         "m_pickaxe":"Ignore",
         "m_fire":"Immune",
         "m_frost":"Immune",
         "m_lightning":"Immune",
         "m_poison":"Immune",
         "m_spirit":"Weak"
      }
   },
   "Category_Humanoid":{
      "dtAttackDamageOverride":null,
      "fAttackDamageTotalOverride":null,
      "sAttackProjectileOverride":null,
      "aDefaultItems":[
         
      ],
      "aRandomWeapon":[
         
      ],
      "aRandomArmor":[
         
      ],
      "aRandomShield":[
         
      ],
      "aaRandomSets":[
         
      ],
      "aAdvancedCustomAttacks":[
         
      ]
   },
   "Category_BaseAI":{
      "fViewRange":25,
      "fViewAngle":360,
      "fHearRange":20,
      "sPathAgentType":"HumanoidNoSwim",
      "fRandomCircleInterval":1,
      "fRandomMoveInterval":10,
      "fRandomMoveRange":40,
      "bAvoidFire":false,
      "bAfraidOfFire":false,
      "bAvoidWater":true,
      "sSpawnMessage":"",
      "sDeathMessage":""
   },
   "Category_MonsterAI":{
      "fAlertRange":9999,
      "bFleeIfHurtWhenTargetCantBeReached":true,
      "bFleeIfNotAlerted":true,
      "fFleeIfLowHealth":0.85,
      "bCirculateWhileCharging":false,
      "bCirculateWhileChargingFlying":false,
      "bEnableHuntPlayer":false,
      "bAttackPlayerObjects":false,
      "bAttackPlayerObjectsWhenAlerted":false,
      "fInterceptTimeMax":0,
      "fInterceptTimeMin":0,
      "fMaxChaseDistance":0,
      "fMinAttackInterval":0,
      "fCircleTargetInterval":0,
      "fCircleTargetDuration":0,
      "fCircleTargetDistance":0,
      "aConsumeItems":[
         
      ],
      "fConsumeRange":2,
      "fConsumeSearchRange":5,
      "fConsumeSearchInterval":10,
      "fConsumeHeal":0
   },
   "Category_CharacterDrop":{
      "bReplaceOriginalDrops":true,
      "drDrops":[
         {
            "sPrefabName" : "YmirsSoulEssence",
            "iAmountMin" : 1,
            "iAmountMax" : 1,
            "fChance" : 0.1,
            "bOnePerPlayer" : false,
            "bLevelMultiplier" : false
         }
      ]
   },
   "Category_Special":{
      "bCanTame":false,
      "bAlwaysTame":false,
      "bCommandableWhenTame":false,
      "bCanProcreateWhenTame":false,
      "bFxNoTame":false,
      "bSfxNoAlert":false,
      "bSfxNoIdle":false,
      "bSfxNoHit":false,
      "bSfxNoDeath":false
   },
   "Category_NpcOnly":null,
   "sConfigFormatVersion":"0.2.0"
}