{
   "sOriginalPrefabName":"PolarLox",
   "sNewPrefabName":"SmallPolarLox",
   "Category_Appearance":{
      "vScale":{
         "fX":0.5,
         "fY":0.5,
         "fZ":0.5
      },
      "cTintColor":null,
      "cTintItems":null,
      "cBodySmoke":null,
      "cBodyFlames":null
   },
   "Category_Character":{
      "sName":"Icebreaker Calf",
      "sFaction":"MountainMonsters",
      "bBoss":false,
      "sBossEvent":"",
      "sDefeatSetGlobalKey":"",
      "fMoveSpeedMulti":1.7,
      "bToleratesWater":true,
      "bToleratesFire":false,
      "bToleratesSmoke":false,
      "fHealth":400,
      "dDamageTaken":{
         "m_blunt":"Resistant",
         "m_slash":"Resistant",
         "m_pierce":"Normal",
         "m_chop":"Ignore",
         "m_pickaxe":"Ignore",
         "m_fire":"Weak",
         "m_frost":"Resistant",
         "m_lightning":"Normal",
         "m_poison":"Normal",
         "m_spirit":"Immune"
      }
   },
   "Category_Humanoid":{
      "dtAttackDamageOverride":null,
      "fAttackDamageTotalOverride":null,
      "sAttackProjectileOverride":null,
      "aDefaultItems":[
         "@1"
      ],
      "aRandomWeapon":[
         
      ],
      "aRandomArmor":[
         
      ],
      "aRandomShield":[
         
      ],
      "aaRandomSets":[
         
      ],
      "aAdvancedCustomAttacks":[
         {
            "sOriginalPrefabName":"lox_bite",
            "sTargetAnim":"attack_bite",
            "fAIAttackInterval":4,
            "bAIPrioritized":null,
            "dtAttackDamageOverride":{
               "fDamage":0,
               "fBlunt":0,
               "fSlash":80,
               "fPierce":0,
               "fChop":0,
               "fPickaxe":0,
               "fFire":0,
               "fFrost":20,
               "fLightning":0,
               "fPoison":0,
               "fSpirit":0
            },
            "fAttackDamageTotalOverride":null,
            "sAttackProjectileOverride":null,
            "aStartEffects":null,
            "aHitEffects":[
               "vfx_BloodHit",
               "vfx_ColdBall_Hit",
               "sfx_wolf_attack_hit"
            ],
            "aTriggerEffects":null
         }
      ]
   },
   "Category_BaseAI":{
      "fViewRange":15,
      "fViewAngle":90,
      "fHearRange":20,
      "sPathAgentType":"HugeSize",
      "fRandomCircleInterval":2,
      "fRandomMoveInterval":30,
      "fRandomMoveRange":10,
      "bAvoidFire":true,
      "bAfraidOfFire":true,
      "bAvoidWater":true,
      "sSpawnMessage":"",
      "sDeathMessage":""
   },
   "Category_MonsterAI":{
      "fAlertRange":6,
      "bFleeIfHurtWhenTargetCantBeReached":true,
      "bFleeIfNotAlerted":false,
      "fFleeIfLowHealth":0.20,
      "bCirculateWhileCharging":true,
      "bCirculateWhileChargingFlying":false,
      "bEnableHuntPlayer":false,
      "bAttackPlayerObjects":false,
      "bAttackPlayerObjectsWhenAlerted":true,
      "fInterceptTimeMax":1,
      "fInterceptTimeMin":0,
      "fMaxChaseDistance":0,
      "fMinAttackInterval":0,
      "fCircleTargetInterval":0,
      "fCircleTargetDuration":5,
      "fCircleTargetDistance":10,
      "aConsumeItems":[
         "Cloudberry",
         "Barley",
         "Flax"
      ],
      "fConsumeRange":4,
      "fConsumeSearchRange":10,
      "fConsumeSearchInterval":10,
      "fConsumeHeal":10
   },
   "Category_CharacterDrop":{
      "bReplaceOriginalDrops":true,
      "drDrops":[
         {
            "sPrefabName":"LoxMeat",
            "iAmountMin":2,
            "iAmountMax":4,
            "fChance":1,
            "bOnePerPlayer":false,
            "bLevelMultiplier":true
         }
      ]
   },
   "Category_Special":{
      "bCanTame":false,
      "bAlwaysTame":false,
      "bCommandableWhenTame":false,
      "bCanProcreateWhenTame":false,
      "bFxNoTame":false,
      "bSfxNoAlert":false,
      "bSfxNoIdle":false,
      "bSfxNoHit":false,
      "bSfxNoDeath":false
   },
   "Category_NpcOnly":null,
   "sConfigFormatVersion":"0.2.0"
}