{
   "sOriginalPrefabName":"StoneGolem",
   "sNewPrefabName":"SilverGolem",
   "Category_Appearance":{
      "vScale":{
         "fX":2.25,
         "fY":2.25,
         "fZ":2.25
      },
      "cTintColor":{
         "fRed":0.85,
         "fGreen":0.85,
         "fBlue":0.85
      },
      "cTintItems":{
         "fRed":0.85,
         "fGreen":0.85,
         "fBlue":0.85
      },
      "cBodySmoke":null,
      "cBodyFlames":null,
      "sCustomTexture":null
   },
   "Category_Character":{
      "sName":"Silver Golem",
      "sFaction":"MountainMonsters",
      "bBoss":false,
      "sBossEvent":"",
      "sDefeatSetGlobalKey":"",
      "fMoveSpeedMulti":1,
      "bToleratesWater":true,
      "bToleratesFire":true,
      "bToleratesSmoke":true,
      "fHealth":2000,
      "dDamageTaken":{
         "m_blunt":"Normal",
         "m_slash":"Resistant",
         "m_pierce":"Resistant",
         "m_chop":"Ignore",
         "m_pickaxe":"VeryWeak",
         "m_fire":"Immune",
         "m_frost":"Immune",
         "m_lightning":"Normal",
         "m_poison":"Immune",
         "m_spirit":"Immune"
      }
   },
   "Category_Humanoid":{
      "dtAttackDamageOverride":null,
      "fAttackDamageTotalOverride":null,
      "sAttackProjectileOverride":null,
      "aDefaultItems":[
         "@1",
         "@2",
         "@3",
         "@4",
         "StoneGolem_clubs"
      ],
      "aRandomWeapon":[
         
      ],
      "aRandomArmor":[
         "StoneGolem_hat",
         "",
         ""
      ],
      "aRandomShield":[
         
      ],
      "aaRandomSets":[
         
      ],
      "aAdvancedCustomAttacks":[
         {
            "sOriginalPrefabName":"stonegolem_attack2_left_groundslam",
            "sTargetAnim":"attack2",
            "fAIAttackInterval":6,
            "bAIPrioritized":true,
            "dtAttackDamageOverride":{
               "fDamage":0,
               "fBlunt":140,
               "fSlash":0,
               "fPierce":0,
               "fChop":150,
               "fPickaxe":150,
               "fFire":0,
               "fFrost":40,
               "fLightning":0,
               "fPoison":0,
               "fSpirit":0
            },
            "fAttackDamageTotalOverride":null,
            "sAttackProjectileOverride":null,
            "aStartEffects":[
               "sfx_stonegolem_primary_start"
            ],
            "aHitEffects":[
               "fx_dragon_land",
               "vfx_ice_destroyed"
            ],
            "aTriggerEffects":[
               "vfx_dragon_coldbreath"
            ]
         },
         {
            "sOriginalPrefabName":"stonegolem_attack_doublesmash",
            "sTargetAnim":"attack3",
            "fAIAttackInterval":10,
            "bAIPrioritized":null,
            "dtAttackDamageOverride":{
               "fDamage":0,
               "fBlunt":140,
               "fSlash":0,
               "fPierce":0,
               "fChop":150,
               "fPickaxe":150,
               "fFire":0,
               "fFrost":40,
               "fLightning":0,
               "fPoison":0,
               "fSpirit":0
            },
            "fAttackDamageTotalOverride":null,
            "sAttackProjectileOverride":null,
            "aStartEffects":[
               "sfx_stonegolem_primary_start"
            ],
            "aHitEffects":[
               "fx_dragon_land",
               "vfx_ice_destroyed"
            ],
            "aTriggerEffects":[
               "vfx_dragon_coldbreath"
            ]
         },
         {
            "sOriginalPrefabName":"stonegolem_attack_doublesmash",
            "sTargetAnim":"doublesmash",
            "fAIAttackInterval":20,
            "bAIPrioritized":null,
            "dtAttackDamageOverride":{
               "fDamage":0,
               "fBlunt":200,
               "fSlash":0,
               "fPierce":0,
               "fChop":150,
               "fPickaxe":150,
               "fFire":0,
               "fFrost":40,
               "fLightning":0,
               "fPoison":0,
               "fSpirit":0
            },
            "fAttackDamageTotalOverride":null,
            "sAttackProjectileOverride":null,
            "aStartEffects":null,
            "aHitEffects":[
               "fx_dragon_land",
               "vfx_ice_destroyed"
            ],
            "aTriggerEffects":[
               "vfx_dragon_coldbreath"
            ]
         },
         {
            "sOriginalPrefabName":"gd_king_shoot",
            "sTargetAnim":"attack3",
            "fAIAttackInterval":20,
            "bAIPrioritized":null,
            "dtAttackDamageOverride":{
               "fDamage":0,
               "fBlunt":120,
               "fSlash":0,
               "fPierce":0,
               "fChop":150,
               "fPickaxe":150,
               "fFire":0,
               "fFrost":0,
               "fLightning":0,
               "fPoison":0,
               "fSpirit":0
            },
            "fAttackDamageTotalOverride":null,
            "sAttackProjectileOverride":"troll_throw_projectile",
            "aStartEffects":[
               "sfx_stonegolem_primary_start"
            ],
            "aHitEffects":null,
            "aTriggerEffects":null
         }
      ]
   },
   "Category_BaseAI":{
      "fViewRange":30,
      "fViewAngle":90,
      "fHearRange":9999,
      "sPathAgentType":"HugeSize",
      "fRandomCircleInterval":2,
      "fRandomMoveInterval":10,
      "fRandomMoveRange":10,
      "bAvoidFire":false,
      "bAfraidOfFire":false,
      "bAvoidWater":true,
      "sSpawnMessage":"",
      "sDeathMessage":""
   },
   "Category_MonsterAI":{
      "fAlertRange":20,
      "bFleeIfHurtWhenTargetCantBeReached":true,
      "bFleeIfNotAlerted":false,
      "fFleeIfLowHealth":0,
      "bCirculateWhileCharging":true,
      "bCirculateWhileChargingFlying":false,
      "bEnableHuntPlayer":false,
      "bAttackPlayerObjects":true,
      "bAttackPlayerObjectsWhenAlerted":true,
      "fInterceptTimeMax":0,
      "fInterceptTimeMin":0,
      "fMaxChaseDistance":0,
      "fMinAttackInterval":0,
      "fCircleTargetInterval":0,
      "fCircleTargetDuration":5,
      "fCircleTargetDistance":10,
      "aConsumeItems":[
         
      ],
      "fConsumeRange":2,
      "fConsumeSearchRange":5,
      "fConsumeSearchInterval":10,
      "fConsumeHeal":0
   },
   "Category_CharacterDrop":{
      "bReplaceOriginalDrops":true,
      "drDrops":[
         {
            "sPrefabName":"SilverGolemTrophy",
            "iAmountMin":1,
            "iAmountMax":1,
            "fChance":0.10,
            "bOnePerPlayer":false,
            "bLevelMultiplier":false
         },
         {
            "sPrefabName":"Stone",
            "iAmountMin":15,
            "iAmountMax":30,
            "fChance":1,
            "bOnePerPlayer":false,
            "bLevelMultiplier":true
         },
         {
            "sPrefabName":"Crystal",
            "iAmountMin":3,
            "iAmountMax":6,
            "fChance":1,
            "bOnePerPlayer":false,
            "bLevelMultiplier":true
         },
         {
            "sPrefabName":"SilverOre",
            "iAmountMin":5,
            "iAmountMax":10,
            "fChance":1,
            "bOnePerPlayer":false,
            "bLevelMultiplier":true
         }
      ]
   },
   "Category_Special":{
      "bCanTame":false,
      "bAlwaysTame":false,
      "bCommandableWhenTame":false,
      "bCanProcreateWhenTame":false,
      "bFxNoTame":false,
      "bSfxNoAlert":false,
      "bSfxNoIdle":false,
      "bSfxNoHit":false,
      "bSfxNoDeath":false
   },
   "Category_NpcOnly":null,
   "sConfigFormatVersion":"0.2.0"
}