{
   "sOriginalPrefabName" : "ArcticWolf",
   "sNewPrefabName" : "ArcticWolf",
   "Category_Appearance" : {
      "vScale" : {
         "fX" : 1.2,
         "fY" : 1.2,
         "fZ" : 1.2
      },
      "cTintColor" : null,
      "cTintItems" : null,
      "cBodySmoke" : null,
      "cBodyFlames" : null,
      "sCustomTexture" : null
   },
   "Category_Character" : {
      "sName" : "Arctic Wolf",
      "sFaction" : "MountainMonsters",
      "bBoss" : false,
      "sBossEvent" : "",
      "sDefeatSetGlobalKey" : "",
      "fMoveSpeedMulti" : 1.1,
      "bToleratesWater" : true,
      "bToleratesFire" : false,
      "bToleratesSmoke" : false,
      "fHealth" : 500,
      "dDamageTaken" : {
         "m_blunt" : "Normal",
         "m_slash" : "Normal",
         "m_pierce" : "Normal",
         "m_chop" : "Ignore",
         "m_pickaxe" : "Ignore",
         "m_fire" : "Normal",
         "m_frost" : "Normal",
         "m_lightning" : "Normal",
         "m_poison" : "Normal",
         "m_spirit" : "Immune"
      }
   },
   "Category_Humanoid" : {
      "dtAttackDamageOverride" : {
         "fDamage" : 0,
         "fBlunt" : 0,
         "fSlash" : 120,
         "fPierce" : 0,
         "fChop" : 0,
         "fPickaxe" : 0,
         "fFire" : 0,
         "fFrost" : 40,
         "fLightning" : 0,
         "fPoison" : 0,
         "fSpirit" : 0
      },
      "fAttackDamageTotalOverride" : null,
      "sAttackProjectileOverride" : null,
      "aDefaultItems" : [
         "Wolf_Attack1",
         "Wolf_Attack2",
         "Wolf_Attack3"
      ],
      "aRandomWeapon" : [
         
      ],
      "aRandomArmor" : [
         
      ],
      "aRandomShield" : [
         
      ],
      "aaRandomSets" : [
         
      ],
      "aHitEffects" : [
         "vfx_wolf_hit",
         "sfx_wolf_hit"
      ],
      "aDeathEffects" : [
         "vfx_wolf_death",
         "ArcticWolf_ragdoll",
         "sfx_wolf_death"
      ],
      "aConsumeItemEffects" : [
         "sfx_creature_consume"
      ],
      "aAdvancedCustomAttacks" : null
   },
   "Category_BaseAI" : {
      "fViewRange" : 30,
      "fViewAngle" : 90,
      "fHearRange" : 9999,
      "aAlertedEffects" : [
         "sfx_wolf_alerted"
      ],
      "aIdleEffects" : [
         
      ],
      "fIdleEffectsInterval" : 10,
      "fIdleEffectsChance" : 0.25,
      "sPathAgentType" : "HumanoidBig",
      "fRandomCircleInterval" : 2,
      "fRandomMoveInterval" : 30,
      "fRandomMoveRange" : 10,
      "bRandomFly" : false,
      "fChanceToTakeoff" : 1,
      "fChanceToLand" : 1,
      "fGroundDuration" : 10,
      "fAirDuration" : 10,
      "fMaxLandAltitude" : 5,
      "fFlyAltitudeMin" : 3,
      "fFlyAltitudeMax" : 10,
      "fTakeoffTime" : 5,
      "bAvoidFire" : false,
      "bAfraidOfFire" : false,
      "bAvoidWater" : true,
      "sSpawnMessage" : "",
      "sDeathMessage" : ""
   },
   "Category_MonsterAI" : {
      "fAlertRange" : 20,
      "bFleeIfHurtWhenTargetCantBeReached" : true,
      "bFleeIfNotAlerted" : false,
      "fFleeIfLowHealth" : 0,
      "bCirculateWhileCharging" : true,
      "bCirculateWhileChargingFlying" : false,
      "bEnableHuntPlayer" : false,
      "bAttackPlayerObjects" : true,
      "bAttackPlayerObjectsWhenAlerted" : null,
      "fInterceptTimeMax" : 2,
      "fInterceptTimeMin" : 0,
      "fMaxChaseDistance" : 0,
      "fMinAttackInterval" : 0,
      "fCircleTargetInterval" : 0,
      "fCircleTargetDuration" : 5,
      "fCircleTargetDistance" : 10,
      "bSleeping" : false,
      "bNoiseWakeup" : false,
      "fNoiseRangeScale" : 1,
      "fWakeupRange" : 5,
      "aWakeupEffects" : [
         
      ],
      "bAvoidLand" : false,
      "aConsumeItems" : [
         "NeckTail",
         "RawMeat",
         "LoxMeat",
         "Sausages",
         "FishRaw",
         "DeerMeat"
      ],
      "fConsumeRange" : 1.4,
      "fConsumeSearchRange" : 10,
      "fConsumeSearchInterval" : 10,
      "fConsumeHeal" : 0
   },
   "Category_CharacterDrop" : {
      "bReplaceOriginalDrops" : true,
      "drDrops" : [
         {
            "sPrefabName" : "ArcticWolfTrophy",
            "iAmountMin" : 1,
            "iAmountMax" : 1,
            "fChance" : 0.1,
            "bOnePerPlayer" : false,
            "bLevelMultiplier" : false
         },
         {
            "sPrefabName" : "WolfMeat",
            "iAmountMin" : 1,
            "iAmountMax" : 1,
            "fChance" : 1,
            "bOnePerPlayer" : false,
            "bLevelMultiplier" : true
         },
         {
            "sPrefabName" : "ArcticWolfPelt",
            "iAmountMin" : 1,
            "iAmountMax" : 1,
            "fChance" : 1,
            "bOnePerPlayer" : false,
            "bLevelMultiplier" : true
         },
         {
            "sPrefabName" : "WolfFang",
            "iAmountMin" : 1,
            "iAmountMax" : 1,
            "fChance" : 0.4,
            "bOnePerPlayer" : false,
            "bLevelMultiplier" : true
         }
      ]
   },
   "Category_Special" : {
      "bCanTame" : false,
      "bAlwaysTame" : false,
      "bCommandableWhenTame" : false,
      "bCanProcreateWhenTame" : false,
      "bFxNoTame" : false,
      "bSfxNoAlert" : false,
      "bSfxNoIdle" : false,
      "bSfxNoHit" : false,
      "bSfxNoDeath" : false
   },
   "Category_NpcOnly" : null,
   "sConfigFormatVersion" : "0.2.0"
}