{
   "sOriginalPrefabName":"Serpent",
   "sNewPrefabName":"SmallPolarSerpent",
   "Category_Appearance":{
      "vScale":{
         "fX":0.55,
         "fY":0.55,
         "fZ":0.55
      },
      "cTintColor":{
         "fRed":1.0,
         "fGreen":1.70,
         "fBlue":2.15
      },
      "cTintItems":null,
      "cBodySmoke":null,
      "cBodyFlames":null,
      "sCustomTexture":null
   },
   "Category_Character":{
      "sName":"Frost-brood Serpent",
      "sFaction":"SeaMonsters",
      "bBoss":false,
      "sBossEvent":"",
      "sDefeatSetGlobalKey":"",
      "fMoveSpeedMulti":1.1,
      "bToleratesWater":true,
      "bToleratesFire":false,
      "bToleratesSmoke":true,
      "fHealth":250,
      "dDamageTaken":{
         "m_blunt":"Normal",
         "m_slash":"Normal",
         "m_pierce":"Normal",
         "m_chop":"Ignore",
         "m_pickaxe":"Ignore",
         "m_fire":"Immune",
         "m_frost":"Immune",
         "m_lightning":"Normal",
         "m_poison":"Resistant",
         "m_spirit":"Immune"
      }
   },
   "Category_Humanoid":{
      "dtAttackDamageOverride":null,
      "fAttackDamageTotalOverride":null,
      "sAttackProjectileOverride":null,
      "aDefaultItems":[
         "@1",
         "@2",
         "@3"
      ],
      "aRandomWeapon":[
         
      ],
      "aRandomArmor":[
         
      ],
      "aRandomShield":[
         
      ],
      "aaRandomSets":[
         
      ],
      "aAdvancedCustomAttacks":[
         {
            "sOriginalPrefabName":"Serpent_attack",
            "sTargetAnim":"attack",
            "fAIAttackInterval":4,
            "bAIPrioritized":true,
            "dtAttackDamageOverride":{
               "fDamage":0,
               "fBlunt":60,
               "fSlash":0,
               "fPierce":0,
               "fChop":0,
               "fPickaxe":0,
               "fFire":0,
               "fFrost":20,
               "fLightning":0,
               "fPoison":0,
               "fSpirit":0
            },
            "fAttackDamageTotalOverride":null,
            "sAttackProjectileOverride":null,
            "aStartEffects":null,
            "aHitEffects":[
               "vfx_ColdBall_Hit",
               "sfx_wolf_attack_hit"
            ],
            "aTriggerEffects":null
         },
         {
            "sOriginalPrefabName":"troll_groundslam",
            "sTargetAnim":"attack",
            "fAIAttackInterval":18,
            "bAIPrioritized":null,
            "dtAttackDamageOverride":{
               "fDamage":0,
               "fBlunt":100,
               "fSlash":0,
               "fPierce":0,
               "fChop":100,
               "fPickaxe":100,
               "fFire":0,
               "fFrost":20,
               "fLightning":0,
               "fPoison":0,
               "fSpirit":0
            },
            "fAttackDamageTotalOverride":null,
            "sAttackProjectileOverride":null,
            "aStartEffects":[
               "sfx_serpent_attack_trigger"
            ],
            "aHitEffects":[
               "vfx_ColdBall_Hit",
               "sfx_wolf_attack_hit"
            ],
            "aTriggerEffects":null
         },
         {
            "sOriginalPrefabName":"hatchling_spit_cold",
            "sTargetAnim":"taunt",
            "fAIAttackInterval":16,
            "bAIPrioritized":null,
            "dtAttackDamageOverride":{
               "fDamage":0,
               "fBlunt":0,
               "fSlash":0,
               "fPierce":0,
               "fChop":100,
               "fPickaxe":100,
               "fFire":0,
               "fFrost":120,
               "fLightning":0,
               "fPoison":0,
               "fSpirit":0
            },
            "fAttackDamageTotalOverride":null,
            "sAttackProjectileOverride":"hatchling_cold_projectile",
            "aStartEffects":[
               "sfx_serpent_attack_trigger"
            ],
            "aHitEffects":null,
            "aTriggerEffects":[
               "sfx_serpent_taunt"
            ]
         }
      ]
   },
   "Category_BaseAI":{
      "fViewRange":50,
      "fViewAngle":360,
      "fHearRange":9999,
      "sPathAgentType":"Fish",
      "fRandomCircleInterval":2,
      "fRandomMoveInterval":2,
      "fRandomMoveRange":20,
      "bAvoidFire":false,
      "bAfraidOfFire":false,
      "bAvoidWater":false,
      "sSpawnMessage":"",
      "sDeathMessage":""
   },
   "Category_MonsterAI":{
      "fAlertRange":20,
      "bFleeIfHurtWhenTargetCantBeReached":true,
      "bFleeIfNotAlerted":false,
      "fFleeIfLowHealth":0.33,
      "bCirculateWhileCharging":true,
      "bCirculateWhileChargingFlying":false,
      "bEnableHuntPlayer":false,
      "bAttackPlayerObjects":true,
      "bAttackPlayerObjectsWhenAlerted":true,
      "fInterceptTimeMax":0,
      "fInterceptTimeMin":0,
      "fMaxChaseDistance":0,
      "fMinAttackInterval":0,
      "fCircleTargetInterval":0,
      "fCircleTargetDuration":5,
      "fCircleTargetDistance":10,
      "aConsumeItems":[
         
      ],
      "fConsumeRange":2,
      "fConsumeSearchRange":5,
      "fConsumeSearchInterval":10,
      "fConsumeHeal":0
   },
   "Category_CharacterDrop":{
      "bReplaceOriginalDrops":true,
      "drDrops":[
         {
            "sPrefabName":"SmallPolarSerpentTrophy",
            "iAmountMin":1,
            "iAmountMax":1,
            "fChance":0.05,
            "bOnePerPlayer":false,
            "bLevelMultiplier":false
         },
         {
            "sPrefabName":"SerpentMeat",
            "iAmountMin":1,
            "iAmountMax":1,
            "fChance":1,
            "bOnePerPlayer":false,
            "bLevelMultiplier":true
         },
         {
            "sPrefabName":"SerpentScale",
            "iAmountMin":1,
            "iAmountMax":2,
            "fChance":1,
            "bOnePerPlayer":false,
            "bLevelMultiplier":true
         },
         {
            "sPrefabName":"FreezeGland",
            "iAmountMin":1,
            "iAmountMax":1,
            "fChance":1,
            "bOnePerPlayer":false,
            "bLevelMultiplier":true
         }
      ]
   },
   "Category_Special":{
      "bCanTame":false,
      "bAlwaysTame":false,
      "bCommandableWhenTame":false,
      "bCanProcreateWhenTame":false,
      "bFxNoTame":false,
      "bSfxNoAlert":false,
      "bSfxNoIdle":false,
      "bSfxNoHit":false,
      "bSfxNoDeath":false
   },
   "Category_NpcOnly":null,
   "sConfigFormatVersion":"0.2.0"
}