{
   "sOriginalPrefabName":"SkeletonWarriorIce",
   "sNewPrefabName":"AngryFrozenCorpse",
   "Category_Appearance":{
      "vScale":{
         "fX":1,
         "fY":1,
         "fZ":1
      },
      "cTintColor":null,
      "cTintItems":null,
      "cBodySmoke":null,
      "cBodyFlames":{
         "fRed":0.0,
         "fGreen":0.02,
         "fBlue":0.07
      },
      "sCustomTexture":null
   },
   "Category_Character":{
      "sName":"Frozen Corpse",
      "sFaction":"Undead",
      "bBoss":false,
      "sBossEvent":"",
      "sDefeatSetGlobalKey":"killed_frozencorpse",
      "fMoveSpeedMulti":1,
      "bToleratesWater":true,
      "bToleratesFire":false,
      "bToleratesSmoke":true,
      "fHealth":320,
      "dDamageTaken":{
         "m_blunt":"Weak",
         "m_slash":"Normal",
         "m_pierce":"Resistant",
         "m_chop":"Ignore",
         "m_pickaxe":"Ignore",
         "m_fire":"Weak",
         "m_frost":"Immune",
         "m_lightning":"Normal",
         "m_poison":"Immune",
         "m_spirit":"Normal"
      }
   },
   "Category_Humanoid":{
      "dtAttackDamageOverride":null,
      "fAttackDamageTotalOverride":null,
      "sAttackProjectileOverride":null,
      "aDefaultItems":[
         
      ],
      "aRandomWeapon":[
         
      ],
      "aRandomArmor":[
         
      ],
      "aRandomShield":[
         
      ],
      "aaRandomSets":[
         {
            "aSetItems":[
               "@1",
               "@2",
               "CapeWolf",
               "ArmorWolfLegs",
               "ArmorIronChest"
            ]
         },
         {
            "aSetItems":[
               "@3",
               "@4",
               "@5",
               "@6",
               "@7",
               "CapeWolf",
               "ArmorWolfLegs",
               "ArmorIronChest",
               "ShieldSilver"
            ]
         },
         {
            "aSetItems":[
               "@3",
               "@4",
               "@5",
               "@6",
               "@7",
               "CapeWolf",
               "ArmorWolfLegs",
               "ArmorIronChest",
               "ShieldSilver"
            ]
         }
      ],
      "aAdvancedCustomAttacks":[
         {
            "sOriginalPrefabName":"skeleton_bow",
            "sTargetAnim":"",
            "fAIAttackInterval":6,
            "bAIPrioritized":true,
            "dtAttackDamageOverride":{
               "fDamage":0,
               "fBlunt":0,
               "fSlash":0,
               "fPierce":120,
               "fChop":0,
               "fPickaxe":0,
               "fFire":0,
               "fFrost":40,
               "fLightning":0,
               "fPoison":0,
               "fSpirit":0
            },
            "fAttackDamageTotalOverride":null,
            "sAttackProjectileOverride":"bow_projectile_frost",
            "aStartEffects":null,
            "aHitEffects":null,
            "aTriggerEffects":null
         },
         {
            "sOriginalPrefabName":"skeleton_bow",
            "sTargetAnim":"",
            "fAIAttackInterval":18,
            "bAIPrioritized":true,
            "dtAttackDamageOverride":{
               "fDamage":0,
               "fBlunt":0,
               "fSlash":0,
               "fPierce":120,
               "fChop":0,
               "fPickaxe":0,
               "fFire":0,
               "fFrost":40,
               "fLightning":0,
               "fPoison":0,
               "fSpirit":0
            },
            "fAttackDamageTotalOverride":null,
            "sAttackProjectileOverride":"bow_projectile_frost",
            "aStartEffects":null,
            "aHitEffects":null,
            "aTriggerEffects":null
         },
         {
            "sOriginalPrefabName":"SkeletonSwordSilver",
            "sTargetAnim":"swing_axe0",
            "fAIAttackInterval":3,
            "bAIPrioritized":null,
            "dtAttackDamageOverride":{
               "fDamage":0,
               "fBlunt":0,
               "fSlash":120,
               "fPierce":0,
               "fChop":0,
               "fPickaxe":0,
               "fFire":0,
               "fFrost":40,
               "fLightning":0,
               "fPoison":0,
               "fSpirit":0
            },
            "fAttackDamageTotalOverride":null,
            "sAttackProjectileOverride":null,
            "aStartEffects":[
               "sfx_skeleton_attack",
               "sfx_axe_swing"
            ],
            "aHitEffects":[
               "vfx_ColdBall_Hit",
               "sfx_axe_hit"
            ],
            "aTriggerEffects":null
         },
         {
            "sOriginalPrefabName":"SkeletonSwordSilver",
            "sTargetAnim":"swing_axe2",
            "fAIAttackInterval":4,
            "bAIPrioritized":null,
            "dtAttackDamageOverride":{
               "fDamage":0,
               "fBlunt":0,
               "fSlash":120,
               "fPierce":0,
               "fChop":0,
               "fPickaxe":0,
               "fFire":0,
               "fFrost":40,
               "fLightning":0,
               "fPoison":0,
               "fSpirit":0
            },
            "fAttackDamageTotalOverride":null,
            "sAttackProjectileOverride":null,
            "aStartEffects":[
               "sfx_skeleton_attack",
               "sfx_axe_swing"
            ],
            "aHitEffects":[
               "vfx_ColdBall_Hit",
               "sfx_axe_hit"
            ],
            "aTriggerEffects":null
         },
         {
            "sOriginalPrefabName":"SkeletonSwordSilver",
            "sTargetAnim":"battleaxe_attack0",
            "fAIAttackInterval":18,
            "bAIPrioritized":true,
            "dtAttackDamageOverride":{
               "fDamage":0,
               "fBlunt":0,
               "fSlash":160,
               "fPierce":0,
               "fChop":0,
               "fPickaxe":0,
               "fFire":0,
               "fFrost":40,
               "fLightning":0,
               "fPoison":0,
               "fSpirit":0
            },
            "fAttackDamageTotalOverride":null,
            "sAttackProjectileOverride":null,
            "aStartEffects":[
               "sfx_skeleton_alerted",
               "sfx_axe_swing"
            ],
            "aHitEffects":[
               "vfx_ColdBall_Hit",
               "sfx_axe_hit"
            ],
            "aTriggerEffects":null
         },
         {
            "sOriginalPrefabName":"SkeletonSwordSilver",
            "sTargetAnim":"jump_attack",
            "fAIAttackInterval":20,
            "bAIPrioritized":true,
            "dtAttackDamageOverride":{
               "fDamage":0,
               "fBlunt":0,
               "fSlash":120,
               "fPierce":0,
               "fChop":0,
               "fPickaxe":0,
               "fFire":0,
               "fFrost":40,
               "fLightning":0,
               "fPoison":0,
               "fSpirit":0
            },
            "fAttackDamageTotalOverride":null,
            "sAttackProjectileOverride":null,
            "aStartEffects":[
               "sfx_skeleton_alerted"
            ],
            "aHitEffects":[
               "vfx_ColdBall_Hit",
               "vfx_stonegolem_attack_hit",
               "sfx_axe_hit"
            ],
            "aTriggerEffects":null
         },
         {
            "sOriginalPrefabName":"SkeletonSwordBlackMetalSmite",
            "sTargetAnim":"",
            "fAIAttackInterval":4,
            "bAIPrioritized":null,
            "dtAttackDamageOverride":{
               "fDamage":0,
               "fBlunt":100,
               "fSlash":0,
               "fPierce":0,
               "fChop":0,
               "fPickaxe":0,
               "fFire":0,
               "fFrost":0,
               "fLightning":0,
               "fPoison":0,
               "fSpirit":0
            },
            "fAttackDamageTotalOverride":null,
            "sAttackProjectileOverride":null,
            "aStartEffects":[
               "sfx_skeleton_attack",
               "sfx_club_swing"
            ],
            "aHitEffects":[
               "vfx_clubhit",
               "vfx_HitSparks",
               "sfx_pickaxe_hit"
            ],
            "aTriggerEffects":null
         }
      ]
   },
   "Category_BaseAI":{
      "fViewRange":30,
      "fViewAngle":90,
      "fHearRange":9999,
      "sPathAgentType":"HumanoidNoSwim",
      "fRandomCircleInterval":2,
      "fRandomMoveInterval":20,
      "fRandomMoveRange":10,
      "bAvoidFire":false,
      "bAfraidOfFire":false,
      "bAvoidWater":true,
      "sSpawnMessage":"",
      "sDeathMessage":""
   },
   "Category_MonsterAI":{
      "fAlertRange":20,
      "bFleeIfHurtWhenTargetCantBeReached":true,
      "bFleeIfNotAlerted":false,
      "fFleeIfLowHealth":0,
      "bCirculateWhileCharging":true,
      "bCirculateWhileChargingFlying":false,
      "bEnableHuntPlayer":false,
      "bAttackPlayerObjects":true,
      "bAttackPlayerObjectsWhenAlerted":true,
      "fInterceptTimeMax":2,
      "fInterceptTimeMin":0,
      "fMaxChaseDistance":0,
      "fMinAttackInterval":0,
      "fCircleTargetInterval":5,
      "fCircleTargetDuration":7,
      "fCircleTargetDistance":5,
      "aConsumeItems":[
         
      ],
      "fConsumeRange":2,
      "fConsumeSearchRange":5,
      "fConsumeSearchInterval":10,
      "fConsumeHeal":0
   },
   "Category_CharacterDrop":{
      "bReplaceOriginalDrops":true,
      "drDrops":[
         {
            "sPrefabName":"FrozenCorpseTrophy",
            "iAmountMin":1,
            "iAmountMax":1,
            "fChance":0.1,
            "bOnePerPlayer":false,
            "bLevelMultiplier":false
         },
         {
            "sPrefabName":"FrozenRemains",
            "iAmountMin":1,
            "iAmountMax":1,
            "fChance":1,
            "bOnePerPlayer":false,
            "bLevelMultiplier":true
         }
      ]
   },
   "Category_Special":{
      "bCanTame":false,
      "bAlwaysTame":false,
      "bCommandableWhenTame":false,
      "bCanProcreateWhenTame":false,
      "bFxNoTame":false,
      "bSfxNoAlert":false,
      "bSfxNoIdle":false,
      "bSfxNoHit":false,
      "bSfxNoDeath":false
   },
   "Category_NpcOnly":null,
   "sConfigFormatVersion":"0.2.0"
}