{
    "name": "AtgeirFrometal",
    "useDurability": true,
    "blockable": true,
    "dodgeable": true,
    "skillType": 4,
    "useDurabilityDrain": 1.0,
    "durabilityPerLevel": 65.0,
    "holdDurationMin": 0.0,
    "holdStaminaDrain": 0.0,
    "toolTier": 0,
    "ammoType": "",
    "statusEffect": "",
    "backStabBonus": 3.0,
    "blockPower": 52.0,
    "deflectionForce": 40.0,
    "attackForce": 30.0,
    "movementModifier": -0.05,
    "blunt": 0.0,
    "damage": 0.0,
    "pierce": 145.0,
    "slash": 0.0,
    "chop": 0.0,
    "pickaxe": 0.0,
    "fire": 0.0,
    "frost": 25.0,
    "lightning": 0.0,
    "poison": 0.0,
    "spirit": 0.0,
    "blockPowerPerLevel": 0.0,
    "deflectionForcePerLevel": 5.0,
    "bluntPerLevel": 0.0,
    "damagePerLevel": 0.0,
    "piercePerLevel": 6.0,
    "slashPerLevel": 0.0,
    "chopPerLevel": 0.0,
    "pickaxePerLevel": 0.0,
    "firePerLevel": 0.0,
    "frostPerLevel": 3.0,
    "lightningPerLevel": 0.0,
    "poisonPerLevel": 0.0,
    "spiritPerLevel": 0.0
}