{
    "name": "BattleaxeFrometal",
    "useDurability": true,
    "blockable": true,
    "dodgeable": true,
    "skillType": 7,
    "useDurabilityDrain": 1.0,
    "durabilityPerLevel": 65.0,
    "holdDurationMin": 0.0,
    "holdStaminaDrain": 0.0,
    "toolTier": 3,
    "ammoType": "",
    "statusEffect": "",
    "movementModifier": -0.20,
    "backStabBonus": 3.0,
    "blockPower": 40.0,
    "deflectionForce": 70.0,
    "attackForce": 70.0,
    "blunt": 0.0,
    "damage": 0.0,
    "pierce": 0.0,
    "slash": 145.0,
    "chop": 60.0,
    "pickaxe": 0.0,
    "fire": 0.0,
    "frost": 25.0,
    "lightning": 0.0,
    "poison": 0.0,
    "spirit": 0.0,
    "blockPowerPerLevel": 0.0,
    "deflectionForcePerLevel": 5.0,
    "bluntPerLevel": 0.0,
    "damagePerLevel": 0.0,
    "piercePerLevel": 0.0,
    "slashPerLevel": 6.0,
    "chopPerLevel": 5.0,
    "pickaxePerLevel": 0.0,
    "firePerLevel": 0.0,
    "frostPerLevel": 3.0,
    "lightningPerLevel": 0.0,
    "poisonPerLevel": 0.0,
    "spiritPerLevel": 0.0
}