{
    "name": "KnifeFlametal",
    "useDurability": true,
    "blockable": true,
    "dodgeable": true,
    "skillType": 2,
    "useDurabilityDrain": 1.0,
    "durabilityPerLevel": 75.0,
    "holdDurationMin": 0.0,
    "holdStaminaDrain": 0.0,
    "toolTier": 0,
    "ammoType": "",
    "statusEffect": "",
    "movementModifier": 0.0,
    "backStabBonus": 6.0,
    "blockPower": 2.0,
    "deflectionForce": 10.0,
    "attackForce": 10.0,
    "blunt": 0.0,
    "damage": 0.0,
    "pierce": 78.0,
    "slash": 78.0,
    "chop": 0.0,
    "pickaxe": 0.0,
    "fire": 25.0,
    "frost": 0.0,
    "lightning": 0.0,
    "poison": 0.0,
    "spirit": 0.0,
    "blockPowerPerLevel": 0.0,
    "deflectionForcePerLevel": 5.0,
    "bluntPerLevel": 0.0,
    "damagePerLevel": 0.0,
    "piercePerLevel": 3.0,
    "slashPerLevel": 3.0,
    "chopPerLevel": 0.0,
    "pickaxePerLevel": 0.0,
    "firePerLevel": 3.0,
    "frostPerLevel": 0.0,
    "lightningPerLevel": 0.0,
    "poisonPerLevel": 0.0,
    "spiritPerLevel": 0.0
}