{
    "name": "PickaxeFrometal",
    "useDurability": true,
    "blockable": true,
    "dodgeable": true,
    "skillType": 12,
    "useDurabilityDrain": 1.0,
    "durabilityPerLevel": 65.0,
    "holdDurationMin": 0.0,
    "holdStaminaDrain": 0.0,
    "toolTier": 6,
    "ammoType": "",
    "statusEffect": "",
    "movementModifier": -0.05,
    "backStabBonus": 3.0,
    "blockPower": 2.0,
    "deflectionForce": 20.0,
    "attackForce": 50.0,
    "blunt": 0.0,
    "damage": 0.0,
    "pierce": 80.0,
    "slash": 0.0,
    "chop": 0.0,
    "pickaxe": 80.0,
    "fire": 0.0,
    "frost": 10.0,
    "lightning": 0.0,
    "poison": 0.0,
    "spirit": 0.0,
    "blockPowerPerLevel": 0.0,
    "deflectionForcePerLevel": 5.0,
    "bluntPerLevel": 0.0,
    "damagePerLevel": 0.0,
    "piercePerLevel": 3.0,
    "slashPerLevel": 0.0,
    "chopPerLevel": 0.0,
    "pickaxePerLevel": 3.0,
    "firePerLevel": 0.0,
    "frostPerLevel": 2.0,
    "lightningPerLevel": 0.0,
    "poisonPerLevel": 0.0,
    "spiritPerLevel": 0.0
}