{
    "name": "ScholarFireStaff",
    "useDurability": true,
    "blockable": true,
    "dodgeable": true,
    "skillType": 4,
    "useDurabilityDrain": 10,
    "durabilityPerLevel": 50.0,
    "holdDurationMin": 0.0,
    "holdStaminaDrain": 0.0,
    "toolTier": 0,
    "ammoType": "",
    "statusEffect": "",
    "movementModifier": -0.05000000074505806,
    "backStabBonus": 2.0,
    "blockPower": 3.0,
    "deflectionForce": 20.0,
    "attackForce": 30.0,
    "blunt": 0.0,
    "damage": 0.0,
    "pierce": 0.0,
    "slash": 0.0,
    "chop": 0.0,
    "pickaxe": 0.0,
    "fire": 20.0,
    "frost": 0.0,
    "lightning": 0.0,
    "poison": 0.0,
    "spirit": 20.0,
    "blockPowerPerLevel": 0.0,
    "deflectionForcePerLevel": 5.0,
    "bluntPerLevel": 0.0,
    "damagePerLevel": 0.0,
    "piercePerLevel": 0.0,
    "slashPerLevel": 0.0,
    "chopPerLevel": 0.0,
    "pickaxePerLevel": 0.0,
    "firePerLevel": 3.0,
    "frostPerLevel": 0.0,
    "lightningPerLevel": 0.0,
    "poisonPerLevel": 0.0,
    "spiritPerLevel": 3.0
}