{
    "name": "SledgeFrometal",
    "useDurability": true,
    "blockable": true,
    "dodgeable": true,
    "skillType": 3,
    "useDurabilityDrain": 1.0,
    "durabilityPerLevel": 65.0,
    "holdDurationMin": 0.0,
    "holdStaminaDrain": 0.0,
    "toolTier": 0,
    "ammoType": "",
    "statusEffect": "",
    "movementModifier": -0.20,
    "backStabBonus": 2.0,
    "blockPower": 28.0,
    "deflectionForce": 50.0,
    "attackForce": 200.0,
    "blunt": 135.0,
    "damage": 0.0,
    "pierce": 0.0,
    "slash": 0.0,
    "chop": 0.0,
    "pickaxe": 0.0,
    "fire": 0.0,
    "frost": 25.0,
    "lightning": 0.0,
    "poison": 0.0,
    "spirit": 0.0,
    "blockPowerPerLevel": 0.0,
    "deflectionForcePerLevel": 10.0,
    "bluntPerLevel": 6.0,
    "damagePerLevel": 0.0,
    "piercePerLevel": 0.0,
    "slashPerLevel": 0.0,
    "chopPerLevel": 0.0,
    "pickaxePerLevel": 0.0,
    "firePerLevel": 0.0,
    "frostPerLevel": 3.0,
    "lightningPerLevel": 0.0,
    "poisonPerLevel": 0.0,
    "spiritPerLevel": 0.0
}