{
   "sOriginalPrefabName" : "Molluscan",
   "sNewPrefabName" : "Molluscan_JTV",
   "Category_Appearance" : {
      "vScale" : {
         "fX" : 1,
         "fY" : 1,
         "fZ" : 1
      },
      "cTintColor" : null,
      "cTintItems" : null,
      "cBodySmoke" : null,
      "cBodyFlames" : null,
      "sCustomTexture" : null
   },
   "Category_Character" : {
      "sName" : "Molluscan",
      "sFaction" : "Undead",
      "bBoss" : false,
      "sBossEvent" : "",
      "sDefeatSetGlobalKey" : "",
      "fMoveSpeedMulti" : 1,
      "bToleratesWater" : true,
      "bToleratesFire" : false,
      "bToleratesSmoke" : true,
      "fHealth" : 240,
      "dDamageTaken" : {
         "m_blunt" : "Normal",
         "m_slash" : "Normal",
         "m_pierce" : "Normal",
         "m_chop" : "Ignore",
         "m_pickaxe" : "Ignore",
         "m_fire" : "VeryWeak",
         "m_frost" : "Normal",
         "m_lightning" : "Normal",
         "m_poison" : "Resistant",
         "m_spirit" : "Immune"
      }
   },
   "Category_Humanoid" : {
      "dtAttackDamageOverride" : null,
      "fAttackDamageTotalOverride" : null,
      "sAttackProjectileOverride" : null,
      "aDefaultItems" : [
         "Molluscan_attack",
         "Molluscan_attack2",
         "Molluscan_attack3",
         "Molluscan_taunt"
      ],
      "aRandomWeapon" : [
         
      ],
      "aRandomArmor" : [
         
      ],
      "aRandomShield" : [
         
      ],
      "aaRandomSets" : [
         
      ],
      "aAdvancedCustomAttacks" : null
   },
   "Category_BaseAI" : {
      "fViewRange" : 30,
      "fViewAngle" : 90,
      "fHearRange" : 9999,
      "sPathAgentType" : "Humanoid",
      "fRandomCircleInterval" : 2,
      "fRandomMoveInterval" : 20,
      "fRandomMoveRange" : 10,
      "bAvoidFire" : false,
      "bAfraidOfFire" : false,
      "bAvoidWater" : false,
      "sSpawnMessage" : "",
      "sDeathMessage" : ""
   },
   "Category_MonsterAI" : {
      "fAlertRange" : 20,
      "bFleeIfHurtWhenTargetCantBeReached" : true,
      "bFleeIfNotAlerted" : false,
      "fFleeIfLowHealth" : 0,
      "bCirculateWhileCharging" : false,
      "bCirculateWhileChargingFlying" : false,
      "bEnableHuntPlayer" : false,
      "bAttackPlayerObjects" : true,
      "bAttackPlayerObjectsWhenAlerted" : true,
      "fInterceptTimeMax" : 2,
      "fInterceptTimeMin" : 0,
      "fMaxChaseDistance" : 0,
      "fMinAttackInterval" : 0,
      "fCircleTargetInterval" : 6,
      "fCircleTargetDuration" : 3,
      "fCircleTargetDistance" : 4,
      "aConsumeItems" : [
         
      ],
      "fConsumeRange" : 2,
      "fConsumeSearchRange" : 5,
      "fConsumeSearchInterval" : 10,
      "fConsumeHeal" : 0
   },
   "Category_CharacterDrop" : {
      "bReplaceOriginalDrops" : true,
      "drDrops" : [
         {
            "sPrefabName" : "FishRaw",
            "iAmountMin" : 1,
            "iAmountMax" : 2,
            "fChance" : 0.6,
            "bOnePerPlayer" : false,
            "bLevelMultiplier" : true
         },
         {
            "sPrefabName" : "Chitin",
            "iAmountMin" : 2,
            "iAmountMax" : 4,
            "fChance" : 1,
            "bOnePerPlayer" : false,
            "bLevelMultiplier" : true
         }
      ]
   },
   "Category_Special" : {
      "bCanTame" : false,
      "bAlwaysTame" : false,
      "bCommandableWhenTame" : false,
      "bCanProcreateWhenTame" : false,
      "bFxNoTame" : false,
      "bSfxNoAlert" : false,
      "bSfxNoIdle" : false,
      "bSfxNoHit" : false,
      "bSfxNoDeath" : false
   },
   "Category_NpcOnly" : null,
   "sConfigFormatVersion" : "0.2.0"
}